Key,en,es,ar
Dashboard,Dashboard,Panel,لوحة القيادة
Join Now,Join Now,Únete ahora,نضم الان
Menus,Menus,Menús,القوائم
Email Address,Email Address,Dirección de correo electrónico,عنوان البريد الإلكتروني
Subscribe,Subscribe,Suscribir,يشترك
is Proudly Powered by AppDevs,is Proudly Powered by AppDevs,está orgullosamente desarrollado por AppDevs,مدعوم بفخر بواسطة AppDevs
Name,Name,Nombre,اسم
Email,Email,Correo electrónico,بريد إلكتروني
Message,Message,Mensaje,رسالة
Send Message,Send Message,Enviar mensaje,أرسل رسالة
Enter Name,Enter Name,Ingrese su nombre,أدخل الاسم
Enter Email,Enter Email,Ingrese correo electrónico,أدخل البريد الإلكتروني
Write Here,Write Here,Escribe aquí,اكتب هنا
Contact Request successfully send!,Contact Request successfully send!,Solicitud de contacto enviada exitosamente!,تم إرسال طلب الاتصال بنجاح!
Subscription successful!,Subscription successful!,¡Suscripción exitosa!,الاشتراك ناجح!
Language Switch to English,Language Switch to English,Cambio de idioma a inglés,تبديل اللغة إلى اللغة الإنجليزية
Language Switch to Spanish,Language Switch to Spanish,Cambio de idioma a español,تبديل اللغة إلى الإسبانية
Language Switch to Arabic,Language Switch to Arabic,Cambio de idioma al árabe,تحويل اللغة إلى اللغة العربية
Enter Password,Enter Password,Introducir la contraseña,أدخل كلمة المرور
Forgot Password?,Forgot Password?,¿Has olvidado tu contraseña?,هل نسيت كلمة السر؟
Login Now,Login Now,Inicia sesión ahora,تسجيل الدخول الآن
Don't Have An Account?,Don't Have An Account?,¿No tienes una cuenta?,ليس لديك حساب؟
Register Now,Register Now,Regístrate ahora,سجل الان
By clicking Login you are agreeing with our,By clicking Login you are agreeing with our,Al hacer clic en Iniciar sesión estás de acuerdo con nuestra,بالنقر فوق تسجيل الدخول، فإنك توافق على موافقتنا
Terms of feature,Terms of feature,Términos de característica,شروط الميزة
First Name,First Name,Nombre de pila,الاسم الأول
Last Name,Last Name,Apellido,اسم العائلة
Password,Password,Contraseña,كلمة المرور
I have agreed with,I have agreed with,he estado de acuerdo con,لقد اتفقت مع
Terms Of Use & Privacy Policy,Terms Of Use & Privacy Policy,Términos de uso y política de privacidad,شروط الاستخدام وسياسة الخصوصية
Please enter the code,Please enter the code,Por favor ingresa el código,الرجاء إدخال الرمز
We sent a 6 digit code here,We sent a 6 digit code here,Enviamos un código de 6 dígitos aquí.,لقد أرسلنا رمزًا مكونًا من 6 أرقام هنا
You can resend the code after,You can resend the code after,Puedes reenviar el código después,يمكنك إعادة إرسال الرمز بعد ذلك
Submit,Submit,Entregar,يُقدِّم
Back To,Back To,De regreso,ارجع الى
Login,Login,Acceso,تسجيل الدخول
Didn't get the code?,Didn't get the code?,¿No recibiste el código?,لم تحصل على الرمز؟
Resend,Resend,Reenviar,إعادة إرسال
Mail Resend Success!,Mail Resend Success!,¡Reenvío de correo exitoso!,نجاح إعادة إرسال البريد!
Please verify your mail address. Check your mail inbox to get verification code,Please verify your mail address. Check your mail inbox to get verification code,Por favor verifique su dirección de correo. Revisa tu bandeja de entrada de correo para obtener el código de verificación,يرجى التحقق من عنوان البريد الخاص بك. تحقق من صندوق البريد الوارد الخاص بك للحصول على رمز التحقق
Account successfully verified,Account successfully verified,Cuenta verificada exitosamente,تم التحقق من الحساب بنجاح
Reset Your Forgotten Password?,Reset Your Forgotten Password?,¿Restablecer su contraseña olvidada?,إعادة تعيين كلمة المرور المنسية؟
Take control of your account by resetting your password. Our password recovery page guides you through the necessary steps to securely reset your password.,Take control of your account by resetting your password. Our password recovery page guides you through the necessary steps to securely reset your password.,Tome el control de su cuenta restableciendo su contraseña. Nuestra página de recuperación de contraseña lo guía a través de los pasos necesarios para restablecer su contraseña de forma segura.,السيطرة على حسابك عن طريق إعادة تعيين كلمة المرور الخاصة بك. ترشدك صفحة استعادة كلمة المرور الخاصة بنا إلى الخطوات اللازمة لإعادة تعيين كلمة المرور الخاصة بك بشكل آمن.
Send OTP,Send OTP,Enviar OTP,أرسل كلمة مرور لمرة واحدة
Verification code sent to your email address.,Verification code sent to your email address.,Código de verificación enviado a su dirección de correo electrónico.,تم إرسال رمز التحقق إلى عنوان بريدك الإلكتروني.
Password Reset,Password Reset,Restablecimiento de contraseña,إعادة تعيين كلمة المرور
Reset Your Password,Reset Your Password,Restablecer su contraseña,اعد ضبط كلمه السر
Enter New Password,Enter New Password,Ingrese nueva clave,أدخل كلمة المرور الجديدة
Enter Confirm Password,Enter Confirm Password,Ingrese Confirmar Contraseña,أدخل تأكيد كلمة المرور
Reset,Reset,Reiniciar,إعادة ضبط
Password reset success. Please login with new password.,Password reset success. Please login with new password.,Restablecimiento de contraseña exitoso. Por favor inicie sesión con una nueva contraseña.,نجاح إعادة تعيين كلمة المرور. الرجاء تسجيل الدخول بكلمة المرور الجديدة.
My Wallets,My Wallets,Mis billeteras,محافظي
View More,View More,Ver más,عرض المزيد
Buy Crypto Chart,Buy Crypto Chart,Comprar gráfico de criptomonedas,شراء مخطط التشفير
Sell Crypto Chart,Sell Crypto Chart,Vender gráfico de criptomonedas,بيع مخطط التشفير
Buy Log,Buy Log,Comprar registro,شراء السجل
Transaction data not found!,Transaction data not found!,¡No se encontraron datos de transacción!,لم يتم العثور على بيانات المعاملة!
Home,Home,Hogar,بيت
About,About,Acerca de,عن
Service,Service,Servicio,خدمة
Web Journal ,Web Journal ,Diario Web,مجلة الويب
Contact,Contact,Contacto,اتصال
"Ex: Buy Crypto, Sell Crypto","Ex: Buy Crypto, Sell Crypto","Ej: comprar criptomonedas, vender criptomonedas",على سبيل المثال: شراء العملات المشفرة، بيع العملات المشفرة
Notification,Notification,Notificación,إشعار
All Wallets,All Wallets,Todas las carteras,جميع المحافظ
No Wallet Found!,No Wallet Found!,¡No se encontró ninguna billetera!,لم يتم العثور على المحفظة!
Wallet Details,Wallet Details,Detalles de la billetera,تفاصيل المحفظة
Available Network,Available Network,Red disponible,الشبكة المتاحة
Network Name,Network Name,Nombre de red,اسم الشبكة
Profile,Profile,Perfil,حساب تعريفي
Profile Settings,Profile Settings,Configuración de perfil,إعدادات الملف الشخصي
Delete Profile,Delete Profile,Borrar perfil,حذف الملف الشخصي
Country,Country,País,دولة
Select Country,Select Country,Seleccionar país,حدد الدولة
Phone,Phone,Teléfono,هاتف
Address,Address,DIRECCIÓN,عنوان
Enter Address,Enter Address,Ingresa la direccion,أدخل العنوان
City,City,Ciudad,مدينة
Enter City,Enter City,Ingrese la ciudad,أدخل المدينة
State,State,Estado,ولاية
Enter State,Enter State,Ingresar estado,إدخال الدولة
Zip Code,Zip Code,Código postal,الرمز البريدي
Enter Zip,Enter Zip,Ingresar código postal,أدخل الرمز البريدي
Update,Update,Actualizar,تحديث
Change Password,Change Password,Cambiar la contraseña,تغيير كلمة المرور
Current Password,Current Password,Contraseña actual,كلمة السر الحالية
New Password,New Password,Nueva contraseña,كلمة المرور الجديدة
Confirm Password,Confirm Password,confirmar Contraseña,تأكيد كلمة المرور
Change,Change,Cambiar,يتغير
Delete Account,Delete Account,Borrar cuenta,حذف الحساب
Are you sure to delete,Are you sure to delete,¿Estás seguro de eliminar?,هل انت متأكد من الحذف
your account,your account,su cuenta,الحساب الخاص بك
If you do not think you will use,If you do not think you will use,Si no crees que lo usarás,إذا كنت لا تعتقد أنك سوف تستخدم
"again and like your account deleted, we can take card of this for you. Keep in mind you will not be able to reactivate your account or retrieve any of the content or information you have added. If you would still like your account deleted, click “Delete Account”.?","again and like your account deleted, we can take card of this for you. Keep in mind you will not be able to reactivate your account or retrieve any of the content or information you have added. If you would still like your account deleted, click “Delete Account”.?","nuevamente y como si su cuenta fuera eliminada, podemos tomar nota de esto por usted. Tenga en cuenta que no podrá reactivar su cuenta ni recuperar el contenido o la información que haya agregado. Si aún desea eliminar su cuenta, haga clic en ""Eliminar cuenta"".","مرة أخرى، ومثلما تم حذف حسابك، يمكننا أخذ هذه البطاقة لك. ضع في اعتبارك أنك لن تتمكن من إعادة تنشيط حسابك أو استرداد أي من المحتوى أو المعلومات التي أضفتها. إذا كنت لا تزال ترغب في حذف حسابك، فانقر فوق ""حذف الحساب""."
Enter Number,Enter Number,Ingresar número,أدخل رقم
Profile successfully updated!,Profile successfully updated!,¡Perfil actualizado exitosamente!,تم تحديث الملف الشخصي بنجاح!
Password successfully updated,Password successfully updated,Contraseña actualizada exitosamente,تم تحديث كلمة المرور بنجاح
The password must be at least 6 characters.,The password must be at least 6 characters.,La contraseña debe tener al menos 6 caracteres.,يجب أن تتكون كلمة المرور من 6 أحرف على الأقل.
Current password didn\'t match,Current password didn\'t match,La contraseña actual no coincide,كلمة المرور الحالية غير متطابقة
Something went wrong! Please try again,Something went wrong! Please try again,¡Algo salió mal! Inténtalo de nuevo,هناك خطأ ما! حاول مرة اخرى
The firstname field is required.,The firstname field is required.,El campo de nombre es obligatorio.,الحقل الأول مطلوب.
The lastname field is required.,The lastname field is required.,El campo de apellido es obligatorio.,حقل الاسم الأخير مطلوب.
The current password field is required.,The current password field is required.,El campo de contraseña actual es obligatorio.,حقل كلمة المرور الحالية مطلوب.
The password field is required.,The password field is required.,El campo de contraseña es obligatorio.,حقل كلمة المرور مطلوب.
The name field is required.,The name field is required.,El campo de nombre es obligatorio.,حقل الاسم مطلوب.
The email field is required.,The email field is required.,El campo de correo electrónico es obligatorio.,حقل البريد الإلكتروني مطلوب.
The message field is required.,The message field is required.,El campo del mensaje es obligatorio.,حقل الرسالة مطلوب.
Buy Crypto,Buy Crypto,Comprar criptomonedas,شراء التشفير
Sell Crypto,Sell Crypto,Vender criptomonedas,بيع التشفير
Withdraw Crypto,Withdraw Crypto,Retirar criptomonedas,سحب التشفير
Exchange Crypto,Exchange Crypto,Intercambiar criptomonedas,تبادل التشفير
Transactions,Transactions,Actas,المعاملات
Sell Log,Sell Log,Vender registro,سجل البيع
Withdraw Log,Withdraw Log,Retirar registro,سجل السحب
Exchange Log,Exchange Log,Registro de intercambio,سجل التبادل
2FA Security,2FA Security,Seguridad 2FA,2FA الأمن
Logout,Logout,Cerrar sesión,تسجيل خروج
Help Center,Help Center,Centro de ayuda,مركز المساعدة
How can we help you?,How can we help you?,como podemos ayudarte?,كيف يمكننا مساعدتك؟
Get Support,Get Support,Obtener apoyo,احصل على الدعم
Are you sure to,Are you sure to,¿Estás seguro de,هل أنت متأكد من ذلك
Inside Wallet,Inside Wallet,Cartera interior,داخل المحفظة
Outside Wallet,Outside Wallet,Cartera exterior,المحفظة الخارجية
Select Coin,Select Coin,Seleccionar moneda,حدد العملة
Search Here,Search Here,Busca aquí,ابحث هنا
Select Network,Select Network,Seleccione la red,اختر شبكة
Crypto Address,Crypto Address,Dirección criptográfica,عنوان التشفير
Enter or Paste Address,Enter or Paste Address,Ingresar o pegar dirección,أدخل أو الصق العنوان
Amount,Amount,Cantidad,كمية
Enter Amount,Enter Amount,Ingrese el monto,أدخل المبلغ
Payment Method,Payment Method,Método de pago,طريقة الدفع او السداد
Continue,Continue,Continuar,يكمل
The amount field is required.,The amount field is required.,El campo de importe es obligatorio.,حقل المبلغ مطلوب.
Wallet not found!,Wallet not found!,¡Cartera no encontrada!,لم يتم العثور على المحفظة!
Payment Method not found!,Payment Method not found!,¡Método de pago no encontrado!,لم يتم العثور على طريقة الدفع!
Please follow the transaction limit.,Please follow the transaction limit.,Siga el límite de transacciones.,يرجى اتباع حد المعاملة.
Buy Crypto Preview,Buy Crypto Preview,Comprar vista previa de criptomonedas,شراء معاينة التشفير
Summary,Summary,Resumen,ملخص
Wallet Type,Wallet Type,Tipo de billetera,نوع المحفظة
Coin,Coin,Moneda,عملة
Network,Network,Red,شبكة
Wallet Address,Wallet Address,Dirección de billetera,عنوان المحفظة
Exchange Rate,Exchange Rate,Tipo de cambio,سعر الصرف
Network Fees,Network Fees,Tarifas de red,رسوم الشبكة
Total Payable Amount,Total Payable Amount,Monto total a pagar,إجمالي المبلغ المستحق
Confirm,Confirm,Confirmar,يتأكد
Buy Crypto Successful.,Buy Crypto Successful.,Compre criptomonedas con éxito.,شراء التشفير ناجح.
Transaction failed. Record didn\'t saved properly. Please try again.,Transaction failed. Record didn\'t saved properly. Please try again.,Transacción fallida. El registro no se guardó correctamente. Inténtalo de nuevo.,فشل الاجراء. لم يتم حفظ السجل بشكل صحيح. حاول مرة اخرى.
Failed to save data. Please try again,Failed to save data. Please try again,No se pudieron guardar los datos. Inténtalo de nuevo,فشل في حفظ البيانات. حاول مرة اخرى
Invalid request,Invalid request,Solicitud no válida,طلب غير صالح
Selected gateway is invalid,Selected gateway is invalid,La puerta de enlace seleccionada no es válida,البوابة المحددة غير صالحة
This payment gateway is under constructions. Please try with another payment gateway,This payment gateway is under constructions. Please try with another payment gateway,Esta pasarela de pago está en construcción. Por favor intenta con otra pasarela de pago,بوابة الدفع هذه قيد الإنشاء. يرجى المحاولة باستخدام بوابة دفع أخرى
Buy Crypto Manual,Buy Crypto Manual,Comprar manual de criptomonedas,شراء دليل التشفير
Proceed_WEB,Proceed_WEB,Continuar_WEB,Proceed_WEB
Pay With This Address,Pay With This Address,Pague con esta dirección,ادفع بهذا العنوان
Qr Code,Qr Code,Código QR,رمز الاستجابة السريعة
Payment Received Successfully!,Payment Received Successfully!,¡Pago recibido con éxito!,تم استلام الدفع بنجاح!
Txn Hash,Txn Hash,hash txn,تكسن هاش
Preview_WEB,Preview_WEB,Vista previa_WEB,Preview_WEB
Exchange Rate_WEB,Exchange Rate_WEB,Tipo de cambio_WEB,سعر الصرف_WEB
Fees_WEB,Fees_WEB,Tarifas_WEB,Fees_WEB
Total Payable_WEB,Total Payable_WEB,Total a pagar_WEB,إجمالي Payable_WEB
You Will Get_WEB,You Will Get_WEB,Obtendrás_WEB,سوف تحصل على_WEB
Transaction hash is required for verify,Transaction hash is required for verify,Se requiere hash de transacción para verificar,تجزئة المعاملة مطلوبة للتحقق
Transaction hash is not valid! Please input a valid hash,Transaction hash is not valid! Please input a valid hash,¡El hash de transacción no es válido! Por favor ingresa un hash válido,تجزئة المعاملة غير صالحة! الرجاء إدخال تجزئة صالحة
Insufficient amount added. Please contact with system administrator,Insufficient amount added. Please contact with system administrator,Cantidad insuficiente agregada. Por favor contacte con el administrador del sistema,تمت إضافة كمية غير كافية. يرجى الاتصال بمسؤول النظام
Payment Confirmation Success.,Payment Confirmation Success.,Éxito de confirmación de pago.,نجاح تأكيد الدفع.
Sorry! Insufficient Balance.,Sorry! Insufficient Balance.,¡Lo siento! Saldo insuficiente.,آسف! رصيد غير كاف.
Outside Wallet is not available for this coin and network.,Outside Wallet is not available for this coin and network.,Outside Wallet no está disponible para esta moneda y red.,المحفظة الخارجية غير متاحة لهذه العملة والشبكة.
Data not found!,Data not found!,¡Datos no encontrados!,لم يتم العثور على بيانات!
Sell Crypto Payment,Sell Crypto Payment,Vender pago criptográfico,بيع دفع التشفير
Transactions Summary,Transactions Summary,Resumen de transacciones,ملخص المعاملات
Will Get Amount,Will Get Amount,Recibirá la cantidad,سوف تحصل على المبلغ
Sell Crypto Payment Info,Sell Crypto Payment Info,Vender información de pago criptográfico,بيع معلومات الدفع المشفرة
Receiving Method Information,Receiving Method Information,Recibir información del método,تلقي معلومات الطريقة
Payment Proof,Payment Proof,Prueba de pago,إثبات الدفع
Branch,Branch,Rama,فرع
Bank Name,Bank Name,Nombre del banco,اسم البنك
Bank Number,Bank Number,Número de banco,عدد البنوك
Transaction ID,Transaction ID,ID de transacción,رقم المعاملة
trx_id,trx_id,trx_id,trx_id
Screenshot,Screenshot,Captura de pantalla,لقطة شاشة
Selected Outside Address is invalid,Selected Outside Address is invalid,La dirección exterior seleccionada no es válida,العنوان الخارجي المحدد غير صالح
Transaction Failed. Failed to save information. Please try again,Transaction Failed. Failed to save information. Please try again,Transacción fallida. No se pudo guardar la información. Inténtalo de nuevo,فشل الاجراء. فشل في حفظ المعلومات. حاول مرة اخرى
Payment Gateway Currency not found right now. Please try with another payment gateway,Payment Gateway Currency not found right now. Please try with another payment gateway,Moneda de la pasarela de pago no encontrada en este momento. Por favor intenta con otra pasarela de pago,لم يتم العثور على عملة بوابة الدفع حاليًا. يرجى المحاولة باستخدام بوابة دفع أخرى
Sell Crypto Preview,Sell Crypto Preview,Vender vista previa de criptomonedas,بيع معاينة التشفير
Payment Proof Summary,Payment Proof Summary,Resumen de comprobante de pago,ملخص إثبات الدفع
Receiving Method Summary,Receiving Method Summary,Resumen del método de recepción,تلقي ملخص الطريقة
Sell Crypto Successful.,Sell Crypto Successful.,Vender criptomonedas con éxito.,بيع التشفير ناجح.
Type Here,Type Here,Escriba aquí,أكتب هنا
Max,Max,máx.,الأعلى
Can\'t withdraw/request to your own,Can\'t withdraw/request to your own,No puedes retirar/solicitar por tu cuenta,لا يمكن السحب/الطلب بنفسك
The wallet address field is required.,The wallet address field is required.,El campo de dirección de la billetera es obligatorio.,حقل عنوان المحفظة مطلوب.
Withdraw Crypto Preview,Withdraw Crypto Preview,Retirar vista previa de criptografía,سحب معاينة التشفير
Withdraw Crypto Successful!,Withdraw Crypto Successful!,¡Retirar criptomonedas con éxito!,تم سحب التشفير بنجاح!
Exchange From,Exchange From,Intercambiar desde,الصرف من
Exchange To,Exchange To,Intercambiar a,تبادل ل
The send amount field is required.,The send amount field is required.,El campo monto del envío es obligatorio.,حقل مبلغ الإرسال مطلوب.
The receive money field is required.,The receive money field is required.,El campo recibir dinero es obligatorio.,حقل تلقي الأموال مطلوب.
Sender Wallet not found!,Sender Wallet not found!,¡No se encontró la billetera del remitente!,لم يتم العثور على محفظة المرسل!
Receiver Wallet not found!,Receiver Wallet not found!,¡No se encontró la billetera del receptor!,لم يتم العثور على محفظة المتلقي!
Exchange Crypto Preview,Exchange Crypto Preview,Vista previa de criptomonedas de Exchange,تبادل تشفير المعاينة
From Wallet,From Wallet,Desde billetera,من المحفظة
To Wallet,To Wallet,A la billetera,إلى المحفظة
Exchange Crypto Successful.,Exchange Crypto Successful.,Intercambio de criptomonedas exitoso.,تبادل التشفير ناجح.
Sell,Sell,Vender,يبيع
Download,Download,Descargar,تحميل
Reject Reason,Reject Reason,Motivo del rechazo,رفض السبب
Buy,Buy,Comprar,يشتري
Process,Process,Proceso,عملية
Two Factor Authenticator,Two Factor Authenticator,Autenticador de dos factores,عامل المصادقة الثنائية
Disable,Disable,Desactivar,إبطال
Don't forget to add this application in your google authentication app. Otherwise you can't login in your account.,Don't forget to add this application in your google authentication app. Otherwise you can't login in your account.,"No olvide agregar esta aplicación en su aplicación de autenticación de Google. De lo contrario, no podrá iniciar sesión en su cuenta.",لا تنس إضافة هذا التطبيق في تطبيق مصادقة جوجل الخاص بك. وإلا فلن تتمكن من تسجيل الدخول إلى حسابك.
Enable,Enable,Permitir,يُمكَِن
Google Authenticator,Google Authenticator,Autenticador de Google,أداة مصادقة جوجل
Download Google Authenticator App,Download Google Authenticator App,Descargue la aplicación Google Authenticator,تنزيل تطبيق Google Authenticator
"Google Authenticator adds an extra layer of security to your online accounts by adding a second step of verification when you sign in. This means that in addition to your password, you'll also need to enter a code that is generated by the Google Authenticator app on your phone.","Google Authenticator adds an extra layer of security to your online accounts by adding a second step of verification when you sign in. This means that in addition to your password, you'll also need to enter a code that is generated by the Google Authenticator app on your phone.","Google Authenticator agrega una capa adicional de seguridad a sus cuentas en línea al agregar un segundo paso de verificación cuando inicia sesión. Esto significa que, además de su contraseña, también deberá ingresar un código generado por la aplicación Google Authenticator. en tu teléfono.",يضيف Google Authenticator طبقة إضافية من الأمان إلى حساباتك عبر الإنترنت عن طريق إضافة خطوة ثانية للتحقق عند تسجيل الدخول. وهذا يعني أنه بالإضافة إلى كلمة المرور الخاصة بك، ستحتاج أيضًا إلى إدخال رمز تم إنشاؤه بواسطة تطبيق Google Authenticator على هاتفك.
How to Setup?,How to Setup?,¿Como instalar?,كيفيه التنصيب؟
Download App,Download App,Descargar aplicación,تحميل التطبيق
2 factor authentication (Powered by google)?,2 factor authentication (Powered by google)?,¿Autenticación de 2 factores (Desarrollada por Google)?,المصادقة الثنائية (مدعوم من جوجل)؟
Support Tickets,Support Tickets,Boletos de soporte,تذاكر الدعم الفني
Add New,Add New,Agregar nuevo,اضف جديد
Ticket ID,Ticket ID,Identificación de entradas,معرف التذكرة
User,User,Usuario,مستخدم
username,username,nombre de usuario,اسم المستخدم
Subject,Subject,Sujeto,موضوع
Status,Status,Estado,حالة
Last Reply,Last Reply,Última respuesta,الرد الأخير
No data found!,No data found!,¡Datos no encontrados!,لاتوجد بيانات!
Add New Ticket,Add New Ticket,Agregar nuevo boleto,إضافة تذكرة جديدة
Optional,Optional,Opcional,خياري
Attachments,Attachments,Archivos adjuntos,المرفقات
The subject field is required.,The subject field is required.,El campo de asunto es obligatorio.,حقل الموضوع مطلوب.
The attachment field is required.,The attachment field is required.,El campo adjunto es obligatorio.,الحقل المرفق مطلوب.
Oops!! Failed to upload attachment. Please try again.,Oops!! Failed to upload attachment. Please try again.,¡¡Ups!! No se pudo cargar el archivo adjunto. Inténtalo de nuevo.,أُووبس!! فشل تحميل المرفق. حاول مرة اخرى.
Support ticket created successfully!,Support ticket created successfully!,¡Ticket de soporte creado exitosamente!,تم إنشاء تذكرة الدعم بنجاح!
Conversation,Conversation,Conversación,محادثة
Support Details,Support Details,Detalles de soporte,تفاصيل الدعم
Description,Description,Descripción,وصف
"This ticket is solved, you can't send message right now.","This ticket is solved, you can't send message right now.","Este ticket está solucionado, no puedes enviar mensaje en este momento.",تم حل هذه التذكرة، لا يمكنك إرسال رسالة الآن.
Support Ticket,Support Ticket,Boleto de soporte,بطاقة الدعم
Enter Subject,Enter Subject,Ingresar Asunto,أدخل الموضوع
Total Users,Total Users,Usuarios totales,إجمالي المستخدمين
Active,Active,Activo,نشيط
Unverified ,Unverified ,Inconfirmado,لم يتم التحقق منها
Total Blog Category,Total Blog Category,Categoría total de blogs,إجمالي فئة المدونة
Inactive,Inactive,Inactivo,غير نشط
Total Blogs,Total Blogs,Blogs totales,مجموع المدونات
Total Support Ticket,Total Support Ticket,Ticket de soporte total,إجمالي تذكرة الدعم
Pending,Pending,Pendiente,قيد الانتظار
Total Transactions,Total Transactions,Transacciones totales,إجمالي المعاملات
Total Fees & Charges,Total Fees & Charges,Tarifas y cargos totales,إجمالي الرسوم والمصاريف
This Month,This Month,Este mes,هذا الشهر
Last Month,Last Month,El mes pasado,الشهر الماضي
Transaction Analytics,Transaction Analytics,Análisis de transacciones,تحليلات المعاملات
User Analytics,User Analytics,Análisis de usuario,تحليلات المستخدم
View User,View User,Ver usuario,عرض المستخدم
Latest Buy Crypto Transactions,Latest Buy Crypto Transactions,Últimas transacciones de compra de criptomonedas,أحدث معاملات شراء العملات المشفرة
S. Wallet,S. Wallet,S. Cartera,S. المحفظة
P. Method,P. Method,P. Método,طريقة P
Developed by,Developed by,Desarrollado por,طورت بواسطة
Appdevs.,Appdevs.,desarrolladores de aplicaciones.,تطبيقات.
Welcome To,Welcome To,Bienvenido a,مرحبا بك في
Admin Panel,Admin Panel,Panel de administrador,لوحة الادارة
Default,Default,Por defecto,تقصير
Setup Coin,Setup Coin,Moneda de configuración,عملة الإعداد
Setup Network,Setup Network,Configurar red,شبكة الإعداد
Setup Currency,Setup Currency,Configuración de moneda,عملة الإعداد
Fees & Charges,Fees & Charges,Tarifas y cargos,الرسوم والمصاريف
Outside Address,Outside Address,Dirección exterior,العنوان الخارجي
Transactions & Logs,Transactions & Logs,Transacciones y registros,المعاملات والسجلات
Buy Crypto Logs,Buy Crypto Logs,Comprar registros criptográficos,شراء سجلات التشفير
Pending Logs,Pending Logs,Registros pendientes,السجلات المعلقة
Confirm Logs,Confirm Logs,Confirmar registros,تأكيد السجلات
Rejected Logs,Rejected Logs,Registros rechazados,السجلات المرفوضة
All Logs,All Logs,Todos los registros,جميع السجلات
Interface Panel,Interface Panel,Panel de interfaz,لوحة الواجهة
User Care,User Care,Atención al usuario,رعاية المستخدم
Active Users,Active Users,Usuarios activos,المستخدمين النشطين
Email Unverified,Email Unverified,Correo electrónico no verificado,لم يتم التحقق من البريد الإلكتروني
All Users,All Users,Todos los usuarios,جميع المستخدمين
Email To Users,Email To Users,Enviar correo electrónico a los usuarios,البريد الإلكتروني للمستخدمين
Banned Users,Banned Users,Usuarios prohibidos,المستخدمون المحظورون
Admin Care,Admin Care,Atención administrativa,رعاية المشرف
All Admin,All Admin,Todos los administradores,كل المشرف
Admin Role,Admin Role,Rol de administrador,دور المشرف
Role Permission,Role Permission,Permiso de rol,إذن الدور
Email To Admin,Email To Admin,Enviar correo electrónico al administrador,البريد الإلكتروني إلى المشرف
Settings,Settings,Ajustes,إعدادات
Web Settings,Web Settings,Configuración web,إعدادات الويب
Basic Settings,Basic Settings,Ajustes básicos,الإعدادات الأساسية
App Settings,App Settings,Ajustes de Aplicacion,إعدادات التطبيقات
Image Assets,Image Assets,Recursos de imagen,أصول الصورة
Setup SEO,Setup SEO,Configurar SEO,إعداد كبار المسئولين الاقتصاديين
Splash Screen,Splash Screen,Pantalla de bienvenida,شاشة البداية
Onboard Screen,Onboard Screen,Pantalla integrada,شاشة على متن الطائرة
App URLs,App URLs,URL de aplicaciones,عناوين URL للتطبيقات
Languages,Languages,Idiomas,اللغات
Verification Center,Verification Center,Centro de verificación,مركز التحقق
Setup Email,Setup Email,Configurar correo electrónico,إعداد البريد الإلكتروني
Email Method,Email Method,Método de correo electrónico,طريقة البريد الإلكتروني
Setup Web Content,Setup Web Content,Configurar contenido web,إعداد محتوى الويب
Setup Section,Setup Section,Sección de configuración,قسم الإعداد
Banner Section,Banner Section,Sección de pancartas,قسم البانر
Security Section,Security Section,Sección de Seguridad,قسم الأمن
How Its Work Section,How Its Work Section,Cómo funciona la sección,كيفية عمل القسم
Download App Section,Download App Section,Descargar sección de aplicaciones,تحميل قسم التطبيقات
Statistic Section,Statistic Section,Sección de estadística,القسم الإحصائي
Call To Action Section,Call To Action Section,Sección de llamado a la acción,قسم الدعوة إلى العمل
Footer Section,Footer Section,Sección de pie de página,قسم التذييل
News Letter Section,News Letter Section,Sección de boletines informativos,قسم الرسائل الإخبارية
About Section,About Section,Acerca de la sección,حول القسم
Faq Section,Faq Section,Sección de preguntas frecuentes,قسم الأسئلة الشائعة
Service Section,Service Section,Sección de Servicio,قسم الخدمة
Blog Section,Blog Section,Sección de blogs,قسم المدونة
Contact Section,Contact Section,Sección de contacto,قسم الاتصال
Login Section,Login Section,Sección de inicio de sesión,قسم تسجيل الدخول
Register Section,Register Section,Sección de Registro,قسم التسجيل
Setup Pages,Setup Pages,Páginas de configuración,صفحات الإعداد
Extensions,Extensions,Extensiones,ملحقات
Useful Links,Useful Links,Enlaces útiles,روابط مفيدة
Subscribers,Subscribers,Suscriptores,مشتركين
Contact Messages,Contact Messages,Mensajes de contacto,رسائل الاتصال
Payment Methods,Payment Methods,Métodos de pago,طرق الدفع
Automatic,Automatic,Automático,تلقائي
Manual,Manual,Manual,يدوي
Money Out,Money Out,Salida de dinero,لم يبقى اي من المال
Push Notification,Push Notification,Notificación de inserción,دفع الإخطار
Setup Notification,Setup Notification,Notificación de configuración,إشعار الإعداد
Send Notification,Send Notification,Enviar notificación,إرسال الإخطار
Bonus,Bonus,Prima,علاوة
GDPR Cookie,GDPR Cookie,Cookie RGPD,ملف تعريف الارتباط الناتج عن اللائحة العامة لحماية البيانات
Server Info,Server Info,Información del servidor,معلومات الخادم
Clear Cache,Clear Cache,Limpiar cache,مسح ذاكرة التخزين المؤقت
Sell Crypto Logs,Sell Crypto Logs,Vender registros criptográficos,بيع سجلات التشفير
Withdraw Crypto Logs,Withdraw Crypto Logs,Retirar registros criptográficos,سحب سجلات التشفير
Exchange Crypto Logs,Exchange Crypto Logs,Intercambiar registros criptográficos,تبادل سجلات التشفير
Admin Profile,Admin Profile,Perfil de administrador,الملف الشخصي للمسؤول
Profile Image,Profile Image,Imagen de perfil,صورة الملف الشخصي
Select State,Select State,Seleccione estado,اختر ولايه
Select City,Select City,Ciudad selecta,اختر مدينة
Save & Change,Save & Change,Guardar cambios,حفظ وتغيير
Profile Information Updated Successfully!,Profile Information Updated Successfully!,¡Información de perfil actualizada con éxito!,تم تحديث معلومات الملف الشخصي بنجاح!
Coins,Coins,monedas,عملات معدنية
Add Coin,Add Coin,Agregar moneda,أضف عملة
Write Name,Write Name,Escribir nombre,اكتب الاسم
Title,Title,Título,عنوان
Write Title,Write Title,Escribir título,اكتب العنوان
Add,Add,Agregar,يضيف
Coin already exists,Coin already exists,La moneda ya existe,العملة موجودة بالفعل
Coin Added Successfully,Coin Added Successfully,Moneda agregada exitosamente,تمت إضافة العملة بنجاح
Coin updated successfully!,Coin updated successfully!,¡Moneda actualizada exitosamente!,تم تحديث العملة بنجاح!
Coin Deleted Successfully!,Coin Deleted Successfully!,¡Moneda eliminada con éxito!,تم حذف العملة بنجاح!
Coin status updated successfully!,Coin status updated successfully!,¡El estado de la moneda se actualizó exitosamente!,تم تحديث حالة العملة بنجاح!
Edit Coin,Edit Coin,Editar moneda,تحرير العملة
Cancel,Cancel,Cancelar,يلغي
delete,delete,borrar,يمسح
this Coin?,this Coin?,esta moneda?,هذه العملة؟
Networks,Networks,Redes,الشبكات
Add Network,Add Network,Agregar red,اضافة شبكة
Coin Name,Coin Name,Nombre de la moneda,اسم العملة
Arrival Time,Arrival Time,Hora de llegada,وقت الوصول
Write Arrival Time,Write Arrival Time,Escribir hora de llegada,اكتب وقت الوصول
Write Description,Write Description,Escribir descripción,اكتب الوصف
Min,Min,mín.,دقيقة
this Network?,this Network?,esta Red?,هذه الشبكة؟
The arrival time field is required.,The arrival time field is required.,El campo de hora de llegada es obligatorio.,حقل وقت الوصول مطلوب.
The coin field is required.,The coin field is required.,El campo de la moneda es obligatorio.,حقل العملة مطلوب.
Network already exists,Network already exists,La red ya existe,الشبكة موجودة بالفعل
Network Added Successfully,Network Added Successfully,Red agregada exitosamente,تمت إضافة الشبكة بنجاح
The edit_coin field is required.,The edit_coin field is required.,El campo edit_coin es obligatorio.,"الحقل ""edit_coin"" مطلوب."
The edit_name field is required.,The edit_name field is required.,El campo edit_name es obligatorio.,حقل اسم التعديل مطلوب.
The edit_arrival_time field is required.,The edit_arrival_time field is required.,El campo edit_arrival_time es obligatorio.,"الحقل ""edit_arrival_time"" مطلوب."
Network updated successfully!,Network updated successfully!,¡Red actualizada exitosamente!,تم تحديث الشبكة بنجاح!
Network Deleted Successfully!,Network Deleted Successfully!,¡Red eliminada correctamente!,تم حذف الشبكة بنجاح!
Network status updated successfully!,Network status updated successfully!,¡El estado de la red se actualizó exitosamente!,تم تحديث حالة الشبكة بنجاح!
Symbol,Symbol,Símbolo,رمز
Type,Type,Tipo,يكتب
Rate,Rate,Tasa,معدل
Role,Role,Role,دور
Code,Code,Código,شفرة
The code field is required.,The code field is required.,El campo del código es obligatorio.,حقل الرمز مطلوب.
The symbol field is required.,The symbol field is required.,El campo de símbolo es obligatorio.,حقل الرمز مطلوب.
The option field is required.,The option field is required.,El campo de opción es obligatorio.,حقل الخيار مطلوب.
The rate field is required.,The rate field is required.,El campo de tarifa es obligatorio.,حقل المعدل مطلوب.
The network field is required.,The network field is required.,El campo de red es obligatorio.,حقل الشبكة مطلوب.
Default currency make failed! Please try again.,Default currency make failed! Please try again.,¡Error en la creación de moneda predeterminada! Inténtalo de nuevo.,العملة الافتراضية فشلت! حاول مرة اخرى.
Currency Saved Successfully!,Currency Saved Successfully!,¡Moneda guardada con éxito!,تم حفظ العملة بنجاح!
Currency record not found in our system.,Currency record not found in our system.,Registro de moneda no encontrado en nuestro sistema.,سجل العملة غير موجود في نظامنا.
Currency status updated successfully!,Currency status updated successfully!,¡El estado de la moneda se actualizó exitosamente!,تم تحديث حالة العملة بنجاح!
Currency not found!,Currency not found!,¡Moneda no encontrada!,لم يتم العثور على العملة!
The currency name field is required.,The currency name field is required.,El campo del nombre de la moneda es obligatorio.,حقل اسم العملة مطلوب.
The currency code field is required.,The currency code field is required.,El campo del código de moneda es obligatorio.,حقل رمز العملة مطلوب.
The currency symbol field is required.,The currency symbol field is required.,El campo del símbolo de moneda es obligatorio.,حقل رمز العملة مطلوب.
The currency rate field is required.,The currency rate field is required.,El campo del tipo de cambio es obligatorio.,حقل سعر العملة مطلوب.
The currrency option field is required.,The currrency option field is required.,El campo de opción de moneda es obligatorio.,حقل خيار العملة مطلوب.
Image file upload faild!,Image file upload faild!,¡La carga del archivo de imagen falló!,فشل تحميل ملف الصورة!
Successfully updated the information.,Successfully updated the information.,Se actualizó exitosamente la información.,تم تحديث المعلومات بنجاح.
Can\'t deletable default currency.,Can\'t deletable default currency.,No se puede eliminar la moneda predeterminada.,لا يمكن حذف العملة الافتراضية.
Currency deleted successfully!,Currency deleted successfully!,¡Moneda eliminada exitosamente!,تم حذف العملة بنجاح!
Search,Search,Buscar,يبحث
Flag,Flag,Bandera,علَم
Add Currency,Add Currency,Agregar moneda,أضف العملة
Edit Currency,Edit Currency,Editar moneda,تحرير العملة
currency?,currency?,¿divisa?,عملة؟
Withdraw Crypto Charges,Withdraw Crypto Charges,Retirar cargos criptográficos,سحب رسوم التشفير
Exchange Crypto Charges,Exchange Crypto Charges,Cargos de intercambio de criptomonedas,تبادل رسوم التشفير
Charges,Charges,Cargos,رسوم
Fixed Charge,Fixed Charge,Cargo fijo,تهمة ثابتة
Percent Charge,Percent Charge,Cargo porcentual,تهمة في المئة
Range,Range,Rango,يتراوح
Minimum Amount,Minimum Amount,Monto minimo,الحد الأدنى للمبلغ
Maximum Amount,Maximum Amount,Monto Máximo,الحد الأقصى للمبلغ
Transaction charge not found!,Transaction charge not found!,¡Cargo de transacción no encontrado!,لم يتم العثور على رسوم المعاملة!
Charge Updated Successfully!,Charge Updated Successfully!,¡Carga actualizada exitosamente!,تم تحديث الشحن بنجاح!
Outside Wallet Address,Outside Wallet Address,Dirección de billetera externa,عنوان المحفظة الخارجي
Add Outside Wallet Address,Add Outside Wallet Address,Agregar dirección de billetera externa,أضف عنوان المحفظة الخارجي
Currency Name,Currency Name,Nombre de la moneda,اسم العملة
P. Address,P. Address,P. Dirección,ص. العنوان
this Outside Wallet?,this Outside Wallet?,¿Esta cartera exterior?,هذه المحفظة الخارجية؟
Option,Option,Opción,خيار
Outside Wallet Create,Outside Wallet Create,Crear billetera externa,إنشاء المحفظة الخارجية
Select Currency,Select Currency,Seleccione el tipo de moneda,اختر العملة
Public Address,Public Address,Direccion publica,العنوان العام
Instruction,Instruction,Instrucción,تعليمات
Field Necessity,Field Necessity,Necesidad de campo,ضرورة المجال
Textarea,Textarea,área de texto,منطقة النص
File,File,Archivo,ملف
Input Text,Input Text,Texto de entrada,أدخل نصآ
Field Name,Field Name,Nombre del campo,اسم الحقل
Data fetch successfully,Data fetch successfully,Recuperación de datos exitosa,تم جلب البيانات بنجاح
The currency field is required.,The currency field is required.,El campo de moneda es obligatorio.,حقل العملة مطلوب.
The public address field is required.,The public address field is required.,El campo de dirección pública es obligatorio.,حقل العنوان العام مطلوب.
Outside Address already exists!,Outside Address already exists!,¡La dirección exterior ya existe!,العنوان الخارجي موجود بالفعل!
Outside wallet created successfully.,Outside wallet created successfully.,Cartera externa creada correctamente.,تم إنشاء المحفظة الخارجية بنجاح.
Outside Wallet Edit,Outside Wallet Edit,Monedero exterior Editar,تحرير المحفظة الخارجية
Collect Data,Collect Data,Recolectar datos,اجمع بيانات
Field Types,Field Types,Tipos de campo,أنواع الحقول
Max File Size (mb),Max File Size (mb),Tamaño máximo de archivo (mb),الحد الأقصى لحجم الملف (ميجابايت)
File Extension,File Extension,Extensión de archivo,امتداد الملف
Min Character,Min Character,Carácter mínimo,حرف مين
Max Character,Max Character,Carácter máximo,شخصية ماكس
Outside wallet Updated successfully.,Outside wallet Updated successfully.,Monedero externo Actualizado exitosamente.,تم تحديث المحفظة الخارجية بنجاح.
Outside Wallet Deleted Successfully!,Outside Wallet Deleted Successfully!,¡La billetera externa se eliminó exitosamente!,تم حذف المحفظة الخارجية بنجاح!
Outside Wallet status updated successfully!,Outside Wallet status updated successfully!,¡El estado de la billetera externa se actualizó exitosamente!,تم تحديث حالة المحفظة الخارجية بنجاح!
Required,Required,Requerido,مطلوب
Confirm Buy Crypto Logs,Confirm Buy Crypto Logs,Confirmar comprar registros criptográficos,تأكيد شراء سجلات التشفير
Pending Buy Crypto Logs,Pending Buy Crypto Logs,Pendientes de comprar registros criptográficos,في انتظار شراء سجلات التشفير
All Buy Crypto Logs,All Buy Crypto Logs,Todos los registros criptográficos de compra,جميع شراء سجلات التشفير
Rejected Buy Crypto Logs,Rejected Buy Crypto Logs,Registros de criptografía de compra rechazados,تم رفض شراء سجلات التشفير
Buy Crypto Log Details,Buy Crypto Log Details,Comprar detalles del registro criptográfico,شراء تفاصيل سجل التشفير
Sender Information,Sender Information,Información del remitente,معلومات المرسل
Wallet Name,Wallet Name,Nombre de la billetera,اسم المحفظة
IP,IP,IP,الملكية الفكرية
Browser,Browser,Navegador,المتصفح
OS,OS,SO,نظام التشغيل
TimeZone,TimeZone,Zona horaria,وحدة زمنية
Transaction Device Information,Transaction Device Information,Información del dispositivo de transacción,معلومات جهاز المعاملة
Payment Summary,Payment Summary,Resumen de pago,ملخص الدفع
Transaction Number,Transaction Number,Número de transacción,رقم التحويلة
Transaction Type,Transaction Type,tipo de transacción,نوع المعاملة
Payment Gateway,Payment Gateway,Pasarela de pago,بوابة الدفع
Send Amount,Send Amount,Enviar cantidad,إرسال المبلغ
Total Charge,Total Charge,Carga total,القيمة الاجمالية
Payable Amount,Payable Amount,Cantidad a pagar,المبلغ المستحق
Payment Status,Payment Status,Estado de pago,حالة السداد
Remark,Remark,Observación,ملاحظة
Are you sure to CONFIRM this transaction?,Are you sure to CONFIRM this transaction?,¿Estás seguro de CONFIRMAR esta transacción?,هل أنت متأكد من تأكيد هذه الصفقة؟
All Exchange Crypto Logs,All Exchange Crypto Logs,Todos los registros criptográficos de Exchange,جميع سجلات تشفير التبادل
Confirm Exchange Crypto Logs,Confirm Exchange Crypto Logs,Confirmar registros criptográficos de Exchange,تأكيد سجلات تشفير Exchange
Exchange Crypto Log Details,Exchange Crypto Log Details,Detalles del registro criptográfico de Exchange,تبادل تفاصيل سجل التشفير
Receiver Information,Receiver Information,información del receptor,معلومات استقبال
Pending Exchange Crypto Logs,Pending Exchange Crypto Logs,Registros criptográficos de intercambio pendientes,سجلات تشفير التبادل المعلقة
Rejected Exchange Crypto Logs,Rejected Exchange Crypto Logs,Registros criptográficos de Exchange rechazados,سجلات تشفير التبادل المرفوضة
All Sell Crypto Logs,All Sell Crypto Logs,Todos los registros criptográficos de venta,جميع بيع سجلات التشفير
Confirm Sell Crypto Logs,Confirm Sell Crypto Logs,Confirmar vender registros criptográficos,تأكيد بيع سجلات التشفير
Sell Crypto Log Details,Sell Crypto Log Details,Vender detalles del registro criptográfico,بيع تفاصيل سجل التشفير
Pending Sell Crypto Logs,Pending Sell Crypto Logs,Registros criptográficos de venta pendientes,في انتظار بيع سجلات التشفير
Rejected Sell Crypto Logs,Rejected Sell Crypto Logs,Registros criptográficos de venta rechazados,تم رفض بيع سجلات التشفير
All Withdraw Crypto Logs,All Withdraw Crypto Logs,Todos los registros criptográficos de retirada,جميع سجلات سحب التشفير
Confirm Withdraw Crypto Logs,Confirm Withdraw Crypto Logs,Confirmar retirar registros criptográficos,تأكيد سحب سجلات التشفير
Withdraw Crypto Log Details,Withdraw Crypto Log Details,Retirar detalles del registro criptográfico,سحب تفاصيل سجل التشفير
Wallet Code,Wallet Code,Código de billetera,رمز المحفظة
Pending Withdraw Crypto Logs,Pending Withdraw Crypto Logs,Pendiente de retirar registros criptográficos,في انتظار سحب سجلات التشفير
Rejected Withdraw Crypto Logs,Rejected Withdraw Crypto Logs,Rechazado Retirar registros criptográficos,تم رفض سحب سجلات التشفير
Transaction Status updated successfully,Transaction Status updated successfully,Estado de la transacción actualizado exitosamente,تم تحديث حالة المعاملة بنجاح
Transaction Rejected successfully,Transaction Rejected successfully,Transacción rechazada exitosamente,تم رفض المعاملة بنجاح
Action,Action,Acción,فعل
Current Balance,Current Balance,Saldo actual,الرصيد الحالي
Active Tickets,Active Tickets,Entradas activas,التذاكر النشطة
User Overview,User Overview,Descripción general del usuario,نظرة عامة على المستخدم
Add/Subtract Balance,Add/Subtract Balance,Sumar/Restar Saldo,إضافة/طرح الرصيد
Login Logs,Login Logs,Registros de inicio de sesión,سجلات تسجيل الدخول
Send Email,Send Email,Enviar correo electrónico,ارسل بريد الكتروني
Login as Member,Login as Member,Iniciar sesión como miembro,تسجيل الدخول كعضو
Email Logs,Email Logs,Registros de correo electrónico,سجلات البريد الإلكتروني
Last Login,Last Login,Último acceso,آخر تسجيل دخول
Information of User,Information of User,Información del Usuario,معلومات المستخدم
2FA Verification,2FA Verification,Verificación 2FA,التحقق 2FA
Email Verification,Email Verification,verificacion de email,تأكيد بواسطة البريد الالكتروني
User Status,User Status,Estatus de usuario,حالة المستخدم
Banned,Banned,Prohibido,محظور
Verified,Verified,Verificado,تم التحقق
Select Type,Select Type,Seleccione tipo,اختر صنف
Balance Add,Balance Add,Agregar saldo,إضافة الرصيد
Balance Subtract,Balance Subtract,Resta de saldo,طرح الرصيد
Select User Wallet,Select User Wallet,Seleccionar billetera de usuario,حدد محفظة المستخدم
User Wallet,User Wallet,Cartera de usuario,محفظة المستخدم
Mail successfully sended,Mail successfully sended,Correo enviado exitosamente,تم إرسال البريد بنجاح
Email successfully sended,Email successfully sended,Correo electrónico enviado correctamente,تم إرسال البريد الإلكتروني بنجاح
Opps! User not exists,Opps! User not exists,¡Ups! El usuario no existe,انتبه! المستخدم غير موجود
User wallet not found!,User wallet not found!,¡No se encontró la billetera del usuario!,لم يتم العثور على محفظة المستخدم!
User do not have sufficient balance,User do not have sufficient balance,El usuario no tiene saldo suficiente,المستخدم ليس لديه رصيد كافي
Transaction success,Transaction success,Éxito de la transacción,نجاح الصفقة
Full Name,Full Name,Nombre completo,الاسم الكامل
Phone Number,Phone Number,Número de teléfono,رقم التليفون
Close,Close,Cerca,يغلق
Send,Send,Enviar,يرسل
SL,SL,SL,إس إل
MAC,MAC,MAC,ماك
Location,Location,Ubicación,موقع
Login at,Login at,Inicia sesión en,تسجيل الدخول في
User Login Logs,User Login Logs,Registros de inicio de sesión de usuario,سجلات دخول المستخدم
User Email Logs,User Email Logs,Registros de correo electrónico del usuario,سجلات البريد الإلكتروني للمستخدم
Mail Sender(Method),Mail Sender(Method),Remitente de correo (método),مرسل البريد (الطريقة)
Select Users,Select Users,Seleccionar usuarios,حدد المستخدمين
Add Admin,Add Admin,Agregar administrador,إضافة المشرف
Admin Profile Image,Admin Profile Image,Imagen de perfil de administrador,صورة الملف الشخصي للمشرف
Select Role,Select Role,Seleccionar rol,حدد الدور
Generate,Generate,Generar,يولد
Edit Admin,Edit Admin,Editar administrador,تحرير المشرف
New admin created successfully!,New admin created successfully!,¡Nuevo administrador creado exitosamente!,تم إنشاء المشرف الجديد بنجاح!
Failed to assign role.,Failed to assign role.,No se pudo asignar el rol.,فشل في تعيين الدور.
Admin information updated successfully!,Admin information updated successfully!,¡La información del administrador se actualizó exitosamente!,تم تحديث معلومات المشرف بنجاح!
All Admin Roles,All Admin Roles,Todas las funciones de administrador,جميع أدوار المشرف
Role Name,Role Name,Nombre de rol,اسم الدور
Asign Admin,Asign Admin,Asignar administrador,تعيين المشرف
Add New Role,Add New Role,Agregar nuevo rol,إضافة دور جديد
Edit Role,Edit Role,Editar rol,تحرير الدور
Are you sure to delete this role?,Are you sure to delete this role?,¿Estás seguro de eliminar este rol?,هل أنت متأكد من حذف هذا الدور؟
Admin not found!,Admin not found!,Administrador no encontrado!,لم يتم العثور على المشرف!
Admin status updated successfully!,Admin status updated successfully!,¡El estado del administrador se actualizó exitosamente!,تم تحديث حالة المشرف بنجاح!
Admin role created successfully!,Admin role created successfully!,¡El rol de administrador se creó exitosamente!,تم إنشاء دور المشرف بنجاح!
Opps! Target role not found!,Opps! Target role not found!,¡Ups! ¡Rol objetivo no encontrado!,انتبه! لم يتم العثور على الدور المستهدف!
Opps! Target not found!,Opps! Target not found!,¡Ups! ¡Objetivo no encontrado!,انتبه! لم يتم العثور على الهدف!
Admin role updated successfully!,Admin role updated successfully!,¡El rol de administrador se actualizó exitosamente!,تم تحديث دور المشرف بنجاح!
Super admin role can\'t deletable.,Super admin role can\'t deletable.,La función de superadministrador no se puede eliminar.,لا يمكن حذف دور المشرف المتميز.
Target role not found!,Target role not found!,¡Rol objetivo no encontrado!,لم يتم العثور على الدور المستهدف!
Admin role deleted successfully!,Admin role deleted successfully!,¡El rol de administrador se eliminó correctamente!,تم حذف دور المشرف بنجاح!
All Permissions,All Permissions,Todos los permisos,جميع الأذونات
Permission Name,Permission Name,Nombre del permiso,اسم الإذن
Add New Permission,Add New Permission,Agregar nuevo permiso,إضافة إذن جديد
Edit Permission,Edit Permission,Editar permiso,تحرير إذن
Permission created successfully!,Permission created successfully!,¡Permiso creado exitosamente!,تم إنشاء الإذن بنجاح!
Permission updated successfully!,Permission updated successfully!,¡Permiso actualizado exitosamente!,تم تحديث الإذن بنجاح!
Permission deleted successfully!,Permission deleted successfully!,¡Permiso eliminado exitosamente!,تم حذف الإذن بنجاح!
Role permission not found!,Role permission not found!,¡Permiso de rol no encontrado!,لم يتم العثور على إذن الدور!
Permission assign successfully!,Permission assign successfully!,¡El permiso se asignó correctamente!,تم تعيين الإذن بنجاح!
Permission not found!,Permission not found!,¡Permiso no encontrado!,لم يتم العثور على إذن!
Admin deleted successfully!,Admin deleted successfully!,¡El administrador se eliminó exitosamente!,تم حذف المشرف بنجاح!
Site Base Color,Site Base Color,Color base del sitio,اللون الأساسي للموقع
Site Name,Site Name,Nombre del sitio,اسم الموقع
Site Title,Site Title,Título del sitio,عنوان الموقع
Select Timezone,Select Timezone,Selecciona la zona horaria,اختر المجال الزمني
OTP Expiration,OTP Expiration,Vencimiento de la OTP,انتهاء صلاحية OTP
Activation Settings,Activation Settings,Configuración de activación,إعدادات التنشيط
Secure Password,Secure Password,Contraseña segura,كلمة مرور آمنة
Agree Policy,Agree Policy,Política de acuerdo,الموافقة على السياسة
User Registration,User Registration,registro de usuario,تسجيل المستخدم
Force SSL,Force SSL,Forzar SSL,فرض SSL
Email Notification,Email Notification,Notificación de correo electrónico,إشعار البريد الإلكتروني
KYC Verification,KYC Verification,Verificación KYC,التحقق من KYC
Activated,Activated,Activado,مفعل
Deactivated,Deactivated,Desactivado,معطل
The base color field is required.,The base color field is required.,El campo de color base es obligatorio.,حقل اللون الأساسي مطلوب.
The web version field is required.,The web version field is required.,El campo de versión web es obligatorio.,حقل إصدار الويب مطلوب.
The site name field is required.,The site name field is required.,El campo del nombre del sitio es obligatorio.,حقل اسم الموقع مطلوب.
The site title field is required.,The site title field is required.,El campo del título del sitio es obligatorio.,حقل عنوان الموقع مطلوب.
The optp exp seconds field is required.,The optp exp seconds field is required.,El campo optp exp segundos es obligatorio.,حقل optp exp ثانية مطلوب.
The timezone field is required.,The timezone field is required.,El campo de zona horaria es obligatorio.,حقل المنطقة الزمنية مطلوب.
Basic settings updated successfully!,Basic settings updated successfully!,¡La configuración básica se actualizó correctamente!,تم تحديث الإعدادات الأساسية بنجاح!
Please setup KYC field first. Go to [Setup KYC] page from sidebar,Please setup KYC field first. Go to [Setup KYC] page from sidebar,Primero configure el campo KYC. Vaya a la página [Configurar KYC] desde la barra lateral,يرجى إعداد حقل KYC أولاً. انتقل إلى صفحة [Setup KYC] من الشريط الجانبي
You have to configure your system mail first.,You have to configure your system mail first.,Primero debe configurar el correo de su sistema.,يجب عليك تكوين بريد النظام الخاص بك أولاً.
Basic settings not found!,Basic settings not found!,¡No se encontraron configuraciones básicas!,لم يتم العثور على الإعدادات الأساسية!
Basic settings status updated successfully!,Basic settings status updated successfully!,¡El estado de la configuración básica se actualizó correctamente!,تم تحديث حالة الإعدادات الأساسية بنجاح!
Logo (Light Version),Logo (Light Version),Logotipo (versión ligera),الشعار (النسخة الخفيفة)
Logo (Dark Version),Logo (Dark Version),Logotipo (versión oscura),الشعار (الإصدار الداكن)
Favicon (Light Version),Favicon (Light Version),Favicon (versión ligera),الأيقونة المفضلة (الإصدار الخفيف)
Favicon (Dark Version),Favicon (Dark Version),Favicon (versión oscura),الأيقونة المفضلة (الإصدار الداكن)
Basic setting not found! Please run database seeder,Basic setting not found! Please run database seeder,¡Configuración básica no encontrada! Ejecute el sembrador de base de datos.,لم يتم العثور على الإعداد الأساسي! الرجاء تشغيل بذارة قاعدة البيانات
No changes to update.,No changes to update.,No hay cambios para actualizar.,لا توجد تغييرات للتحديث.
Image assets updated successfully!,Image assets updated successfully!,¡Los recursos de imagen se actualizaron correctamente!,تم تحديث أصول الصورة بنجاح!
Search Engine Optimization (SEO),Search Engine Optimization (SEO),Optimización de motores de búsqueda (SEO),تحسين محركات البحث (SEO)
Thumbnail Image,Thumbnail Image,Imagen en miniatura,صورة مصغرة
Social Title,Social Title,Título social,العنوان الاجتماعي
Social Description,Social Description,Descripción social,الوصف الاجتماعي
Tags,Tags,Etiquetas,العلامات
The title field is required.,The title field is required.,El campo del título es obligatorio.,مطلوب حقل العنوان.
SEO information updated successfully!,SEO information updated successfully!,¡Información SEO actualizada con éxito!,تم تحديث معلومات تحسين محركات البحث (SEO) بنجاح!
Image,Image,Imagen,صورة
App Version,App Version,Version de aplicacion,نسخة التطبيق
The version field is required.,The version field is required.,El campo de versión es obligatorio.,حقل الإصدار مطلوب.
Splash screen updated successfully!,Splash screen updated successfully!,¡La pantalla de bienvenida se actualizó correctamente!,تم تحديث شاشة البداية بنجاح!
Android App URL,Android App URL,URL de la aplicación de Android,عنوان URL لتطبيق Android
iOS App URL,iOS App URL,URL de la aplicación iOS,عنوان URL لتطبيق iOS
The url title field is required.,The url title field is required.,El campo del título de la URL es obligatorio.,حقل عنوان URL مطلوب.
The android url field is required.,The android url field is required.,El campo URL de Android es obligatorio.,حقل عنوان URL لنظام Android مطلوب.
URL settings updated successfully!,URL settings updated successfully!,¡La configuración de URL se actualizó correctamente!,تم تحديث إعدادات URL بنجاح!
Add New Screen,Add New Screen,Agregar nueva pantalla,إضافة شاشة جديدة
Sub Title,Sub Title,Subtítulo,العنوان الفرعي
KYC Unverified,KYC Unverified,KYC no verificado,لم يتم التحقق من KYC
Edit KYC,Edit KYC,Editar KYC,تحرير اعرف عميلك
KYC Profile,KYC Profile,Perfil KYC,ملف تعريف KYC
Zip/Postal,Zip/Postal,Código postal,الرمز البريدي
Information of Logs,Information of Logs,Información de registros,معلومات السجلات
File not found!,File not found!,¡Archivo no encontrado!,لم يتم العثور على الملف!
Proof Of Indentity,Proof Of Indentity,Prueba de identidad,إثبات الهوية
KYC Information,KYC Information,Información KYC,معلومات اعرف عميلك
Your KYC information is submited. Please wait for admin confirmation. When you are KYC verified you will show your submited information here.,Your KYC information is submited. Please wait for admin confirmation. When you are KYC verified you will show your submited information here.,"Se envía su información KYC. Espere la confirmación del administrador. Cuando esté verificado por KYC, mostrará la información enviada aquí.",تم إرسال معلومات KYC الخاصة بك. الرجاء الانتظار لتأكيد المشرف. عندما يتم التحقق من KYC، ستعرض معلوماتك المقدمة هنا.
Your KYC information is verified,Your KYC information is verified,Su información KYC está verificada,تم التحقق من معلومات KYC الخاصة بك
Your KYC information is rejected.,Your KYC information is rejected.,Su información KYC es rechazada.,تم رفض معلومات KYC الخاصة بك.
Verify KYC,Verify KYC,Verificar KYC,التحقق من KYC
Edit Screen,Edit Screen,Editar pantalla,تحرير الشاشة
The image field is required.,The image field is required.,El campo de imagen es obligatorio.,حقل الصورة مطلوب.
Onboard Screen Added Successfully!,Onboard Screen Added Successfully!,¡Pantalla integrada agregada con éxito!,تمت إضافة الشاشة على متن الطائرة بنجاح!
Onboard screen not found!,Onboard screen not found!,¡No se encontró la pantalla integrada!,لم يتم العثور على الشاشة على متن الطائرة!
Onboard screen status updated successfully!,Onboard screen status updated successfully!,¡El estado de la pantalla integrada se actualizó correctamente!,تم تحديث حالة الشاشة على متن الطائرة بنجاح!
Onboard screen information updated successfully!,Onboard screen information updated successfully!,¡La información de la pantalla a bordo se actualizó exitosamente!,تم تحديث معلومات الشاشة الموجودة على اللوحة بنجاح!
Screen deleted successfully!,Screen deleted successfully!,¡Pantalla eliminada exitosamente!,تم حذف الشاشة بنجاح!
There is no default language in your system. System will automatically select English as a default language.,There is no default language in your system. System will automatically select English as a default language.,No hay ningún idioma predeterminado en su sistema. El sistema seleccionará automáticamente el inglés como idioma predeterminado.,لا توجد لغة افتراضية في نظامك. سيقوم النظام تلقائيًا بتحديد اللغة الإنجليزية كلغة افتراضية.
Add Language,Add Language,Agregar idioma,إضافة لغة
Language Manager,Language Manager,Administrador de idiomas,مدير اللغة
Selectable,Selectable,Seleccionable,قابل للتحديد
Import,Import,Importar,يستورد
Language Name,Language Name,Nombre del lenguaje,اسم اللغة
Language Code,Language Code,Código de lenguaje,رمز اللغة
Direction,Direction,Dirección,اتجاه
LTR,LTR,LTR,لتر
RTL,RTL,RTL,من اليمين إلى اليسار
Language created successfully!,Language created successfully!,¡Idioma creado exitosamente!,تم إنشاء اللغة بنجاح!
Edit Language,Edit Language,Editar idioma,تحرير اللغة
Language Information,Language Information,Información de idioma,معلومات اللغة
Language status updated successfully!,Language status updated successfully!,¡El estado del idioma se actualizó exitosamente!,تم تحديث حالة اللغة بنجاح!
Please deselect your default language first.,Please deselect your default language first.,Primero deseleccione su idioma predeterminado.,الرجاء إلغاء تحديد لغتك الافتراضية أولاً.
Language deleted successfully!,Language deleted successfully!,¡Idioma eliminado exitosamente!,تم حذف اللغة بنجاح!
Language updated successfully!,Language updated successfully!,¡Idioma actualizado exitosamente!,تم تحديث اللغة بنجاح!
Opps! Language not found!,Opps! Language not found!,¡Ups! ¡Idioma no encontrado!,انتبه! لم يتم العثور على اللغة!
File does not exists.,File does not exists.,El archivo no existe.,الملف غير موجود.
Language Keywords of English,Language Keywords of English,Palabras clave del idioma inglés,الكلمات الرئيسية للغة الإنجليزية
Email Send Method,Email Send Method,Método de envío de correo electrónico,طريقة إرسال البريد الإلكتروني
Send Mail,Send Mail,Enviar correo,ارسل بريد
Host,Host,Anfitrión,يستضيف
Port,Port,Puerto,ميناء
Excryption,Excryption,cifrado,التشفير
SSL,SSL,SSL,طبقة المقابس الآمنة
TLS,TLS,TLS,تي لس
Send Test Mail,Send Test Mail,Enviar correo de prueba,إرسال بريد الاختبار
Information updated successfully!,Information updated successfully!,¡Información actualizada exitosamente!,تم تحديث المعلومات بنجاح!
Email send successfully!,Email send successfully!,¡Envío de correo electrónico exitoso!,إرسال البريد الإلكتروني بنجاح!
The method field is required.,The method field is required.,El campo del método es obligatorio.,حقل الطريقة مطلوب.
The host field is required.,The host field is required.,El campo de host es obligatorio.,الحقل المضيف مطلوب.
The port field is required.,The port field is required.,El campo del puerto es obligatorio.,حقل المنفذ مطلوب.
The encryption field is required.,The encryption field is required.,El campo de cifrado es obligatorio.,حقل التشفير مطلوب.
The username field is required.,The username field is required.,El campo de nombre de usuario es obligatorio.,حقل اسم المستخدم مطلوب.
Deactive,Deactive,Desactivado,غير نشط
Setup KYC,Setup KYC,Configurar KYC,إعداد KYC
KYC Data Form,KYC Data Form,Formulario de datos KYC,نموذج بيانات KYC
"ex: jpg, png, pdf","ex: jpg, png, pdf","por ejemplo: jpg, png, pdf",على سبيل المثال: JPG، PNG، PDF
Options,Options,Opciones,خيارات
KYC status updated successfully!,KYC status updated successfully!,¡El estado KYC se actualizó exitosamente!,تم تحديث حالة KYC بنجاح!
Button Image,Button Image,Imagen del botón,صورة الزر
Section Title,Section Title,Sección de título,عنوان القسم
Heading,Heading,Título,عنوان
For Separate Heading color use '|' sing to divide,For Separate Heading color use '|' sing to divide,Para color de título separado utilice '|' cantar para dividir,للحصول على لون عنوان منفصل، استخدم '|' الغناء لتقسيم
Sub Heading,Sub Heading,Subtítulo,العنوان الفرعي
Button Name,Button Name,Nombre del botón,اسم الزر
Button Link,Button Link,Enlace de botón,رابط الزر
Section updated successfully!,Section updated successfully!,¡Sección actualizada exitosamente!,تم تحديث القسم بنجاح!
For color use '[]',For color use '[]',Para color utilice '[]',"لاستخدام اللون ""[]"""
Add New Security,Add New Security,Agregar nueva seguridad,إضافة أمان جديد
Icon,Icon,Icono,أيقونة
Edit Security Item,Edit Security Item,Editar elemento de seguridad,تحرير عنصر الأمان
Section item added successfully!,Section item added successfully!,¡El artículo de la sección se agregó correctamente!,تمت إضافة عنصر القسم بنجاح!
Section item deleted successfully!,Section item deleted successfully!,¡El elemento de la sección se eliminó correctamente!,تم حذف عنصر القسم بنجاح!
Section item status updated successfully!,Section item status updated successfully!,¡El estado del elemento de la sección se actualizó exitosamente!,تم تحديث حالة عنصر القسم بنجاح!
Items not found or invalid!,Items not found or invalid!,¡Artículos no encontrados o no válidos!,لم يتم العثور على العناصر أو غير صالحة!
Add Step,Add Step,Agregar paso,أضف خطوة
Add Item,Add Item,Añadir artículo,اضافة عنصر
Section item updated successfully!,Section item updated successfully!,¡El elemento de la sección se actualizó exitosamente!,تم تحديث عنصر القسم بنجاح!
Link,Link,Enlace,وصلة
Counter Value,Counter Value,Valor del contador,قيمة العداد
Add Statistic,Add Statistic,Agregar estadística,إضافة إحصائية
Social Links,Social Links,vínculos sociales,روابط اجتماعية
Question,Question,Pregunta,سؤال
Answer,Answer,Respuesta,إجابة
Add Service,Add Service,Agregar servicio,أضف الخدمة
Edit Service,Edit Service,Editar servicio,تحرير الخدمة
Add New Faq,Add New Faq,Agregar nuevas preguntas frecuentes,إضافة أسئلة وأجوبة جديدة
Edit Solution,Edit Solution,Editar solución,تحرير الحل
Web blog Dashboard,Web blog Dashboard,Panel de control del blog web,لوحة تحكم مدونة الويب
Add Category,Add Category,añadir categoría,إضافة فئة
Add New Blog,Add New Blog,Agregar nuevo blog,إضافة مدونة جديدة
Total Category,Total Category,Categoría total,الفئة الإجمالية
Active Category,Active Category,Categoría activa,الفئة النشطة
Active Blogs,Active Blogs,Blogs activos,مدونات نشطة
Deactive Blogs,Deactive Blogs,Blogs desactivados,المدونات المعطلة
this blog?,this blog?,este blog?,هذه المدونة؟
this item?,this item?,¿éste ítem?,هذه الماده؟
Edit Item,Edit Item,Editar artículo,تعديل عنصر
Add FAQ,Add FAQ,Agregar preguntas frecuentes,أضف الأسئلة الشائعة
Web Blog Section,Web Blog Section,Sección de blogs web,قسم مدونة الويب
New Blog Create,New Blog Create,Crear nuevo blog,إنشاء مدونة جديدة
Add Tags,Add Tags,Agregar etiquetas,اضف اشارة
Blog Edit Page,Blog Edit Page,Página de edición del blog,صفحة تحرير المدونة
Blog Categories,Blog Categories,Categorías de blogs,فئات المدونة
Add Blog Category,Add Blog Category,Agregar categoría de blog,أضف فئة المدونة
Edit Blog Category,Edit Blog Category,Editar categoría de blog,تحرير فئة المدونة
Category added successfully.,Category added successfully.,Categoría agregada exitosamente.,تمت إضافة الفئة بنجاح.
Category status updated successfully!,Category status updated successfully!,¡El estado de la categoría se actualizó exitosamente!,تم تحديث حالة الفئة بنجاح!
Blog Category Updated Successfully.,Blog Category Updated Successfully.,Categoría de blog actualizada correctamente.,تم تحديث فئة المدونة بنجاح.
Category successfully deleted.,Category successfully deleted.,Categoría eliminada correctamente.,تم حذف الفئة بنجاح.
Blog deleted successfully!,Blog deleted successfully!,¡Blog eliminado exitosamente!,تم حذف المدونة بنجاح!
Blog Data Updated Successfully.,Blog Data Updated Successfully.,Datos del blog actualizados correctamente.,تم تحديث بيانات المدونة بنجاح.
Blog status updated successfully!,Blog status updated successfully!,¡El estado del blog se actualizó exitosamente!,تم تحديث حالة المدونة بنجاح!
Blog created successfully!,Blog created successfully!,Blog creado exitosamente!,تم إنشاء المدونة بنجاح!
Select Category,Select Category,selecciona una categoría,اختر الفئة
this category?,this category?,esta categoría?,هذه الفئة؟
Page Name,Page Name,Nombre de la página,اسم الصفحة
Setup Page status updated successfully!,Setup Page status updated successfully!,¡El estado de la página de configuración se actualizó exitosamente!,تم تحديث حالة صفحة الإعداد بنجاح!
Instructions,Instructions,Instrucciones,تعليمات
Update Extension,Update Extension,Actualizar extensión,تحديث الامتداد
Add Link,Add Link,Añadir enlace,إضافة رابط
Slug,Slug,Babosa,سبيكة
Content,Content,Contenido,محتوى
Use for make page link (URL),Use for make page link (URL),Úselo para crear un enlace a la página (URL),استخدم لإنشاء رابط الصفحة (URL)
Are you sure to delete this link?,Are you sure to delete this link?,¿Estás seguro de eliminar este enlace?,هل أنت متأكد من حذف هذا الرابط؟
Useful link added successfully!,Useful link added successfully!,¡Enlace útil agregado exitosamente!,تمت إضافة الرابط المفيد بنجاح!
Edit Usefull Link,Edit Usefull Link,Editar enlace útil,تحرير الرابط المفيد
Useful link updated successfully!,Useful link updated successfully!,¡Enlace útil actualizado exitosamente!,تم تحديث الرابط المفيد بنجاح!
Useful link deleted successfully!,Useful link deleted successfully!,¡Enlace útil eliminado exitosamente!,تم حذف الرابط المفيد بنجاح!
Useful link status updated successfully!,Useful link status updated successfully!,¡El estado del enlace útil se actualizó exitosamente!,تم تحديث حالة الرابط المفيد بنجاح!
Website Subscribers,Website Subscribers,Suscriptores del sitio web,المشتركين في الموقع
Send Mail to All,Send Mail to All,Enviar correo a todos,إرسال البريد للجميع
Send mail to all subscribers,Send mail to all subscribers,Enviar correo a todos los suscriptores,إرسال البريد إلى جميع المشتركين
Reply sended successfully!,Reply sended successfully!,¡Respuesta enviada exitosamente!,تم إرسال الرد بنجاح!
Automatic Payment Method,Automatic Payment Method,Método de pago automático,طريقة الدفع التلقائية
Gateway,Gateway,Puerta,بوابة
Supported Currency,Supported Currency,Moneda admitida,العملة المدعومة
Enabled Currency,Enabled Currency,Moneda habilitada,العملة الممكّنة
Gateway Image,Gateway Image,Imagen de puerta de enlace,صورة البوابة
Add Automatic Gateway,Add Automatic Gateway,Agregar puerta de enlace automática,إضافة بوابة تلقائية
Gateway Name,Gateway Name,Nombre de la puerta de enlace,اسم البوابة
Gateway Title,Gateway Title,Título de la puerta de enlace,عنوان البوابة
Supported Currencies,Supported Currencies,Monedas admitidas,العملات المدعومة
Generate Fields,Generate Fields,Generar campos,توليد الحقول
Value,Value,Valor,قيمة
Update Gateway,Update Gateway,Actualizar puerta de enlace,تحديث البوابة
Crypto,Crypto,Cripto,تشفير
Gateway Environment,Gateway Environment,Entorno de puerta de enlace,بيئة البوابة
Production,Production,Producción,إنتاج
Sandbox,Sandbox,Salvadera,رمل
Crypto Assets,Crypto Assets,Activos criptográficos,أصول التشفير
Global Setting for,Global Setting for,Configuración global para,الإعداد العالمي ل
in bellow,in bellow,abajo,في رفع الصوت عاليا
Total Supported Currency,Total Supported Currency,Moneda total admitida,إجمالي العملة المدعومة
Amount Limit,Amount Limit,Límite de cantidad,حد المبلغ
Minimum,Minimum,Mínimo,الحد الأدنى
Maximum,Maximum,Máximo,أقصى
Charge,Charge,Cargar,تكلفة
Fixed,Fixed,Fijado,مُثَبَّت
Percent,Percent,Por ciento,نسبه مئويه
The gateway name has already been taken.,The gateway name has already been taken.,El nombre de la puerta de enlace ya ha sido tomado.,لقد تم بالفعل أخذ اسم البوابة.
Payment gateway added successfully!,Payment gateway added successfully!,¡Pasarela de pago agregada exitosamente!,تمت إضافة بوابة الدفع بنجاح!
Payment gateway status updated successfully!,Payment gateway status updated successfully!,¡El estado de la pasarela de pago se actualizó correctamente!,تم تحديث حالة بوابة الدفع بنجاح!
Image upload failed! Please try again.,Image upload failed! Please try again.,¡La carga de la imagen falló! Inténtalo de nuevo.,فشل تحميل الصورة! حاول مرة اخرى.
Payment gateway updated successfully!,Payment gateway updated successfully!,¡Pasarela de pago actualizada con éxito!,تم تحديث بوابة الدفع بنجاح!
Payment gateway deleted successfully!,Payment gateway deleted successfully!,¡Pasarela de pago eliminada con éxito!,تم حذف بوابة الدفع بنجاح!
Manual Payment Method,Manual Payment Method,Método de pago manual,طريقة الدفع اليدوية
Currency Code,Currency Code,Código de moneda,رمز العملة
Currency Symbol,Currency Symbol,Símbolo de moneda,رمز العملة
ex: Paypal,ex: Paypal,Ej: Paypal,على سبيل المثال: باي بال
ex: United State Dollar,ex: United State Dollar,Ej: dólar estadounidense,على سبيل المثال: دولار الولايات المتحدة
ex: USD,ex: USD,ejemplo: USD,على سبيل المثال: دولار أمريكي
ex: $,ex: $,ej: $,على سبيل المثال: $
Manual Payment Method Edit,Manual Payment Method Edit,Método de pago manual Editar,تعديل طريقة الدفع اليدوية
Manual Payment Method Create,Manual Payment Method Create,Crear método de pago manual,إنشاء طريقة الدفع اليدوية
Money Out Add,Money Out Add,Añadir salida de dinero,إضافة الأموال
Money Out Edit,Money Out Edit,Salida de dinero Editar,تحرير الأموال
Browser Push Notification Configuration,Browser Push Notification Configuration,Configuración de notificaciones push del navegador,تكوين إشعارات المتصفح
Method,Method,Método,طريقة
Select Method,Select Method,Seleccionar método,حدد الطريقة
Primary key,Primary key,Clave primaria,المفتاح الأساسي
Instance ID,Instance ID,ID de instancia,معرف المثيل
Broadcasting/ Internal Notification Configuration,Broadcasting/ Internal Notification Configuration,Configuración de transmisión/notificación interna,البث/تكوين الإخطار الداخلي
Cluster,Cluster,Grupo,تَجَمَّع
Secret key,Secret key,Llave secreta,المفتاح السري
APP ID,APP ID,ID DE APLICACIÓN,معرف التطبيق
Body,Body,Cuerpo,جسم
Time,Time,Tiempo,وقت
Latest Notifications,Latest Notifications,Últimas notificaciones,أحدث الإخطارات
Notification Body,Notification Body,Organismo de notificación,هيئة الإخطار
Sorry! You have to configure first to send push notification.,Sorry! You have to configure first to send push notification.,¡Lo siento! Primero debe configurar para enviar notificaciones automáticas.,آسف! يجب عليك التهيئة أولاً لإرسال إشعار الدفع.
Opps! Failed to store information.,Opps! Failed to store information.,¡Ups! No se pudo almacenar la información.,انتبه! فشل في تخزين المعلومات.
Notification sended successfully!,Notification sended successfully!,¡Notificación enviada exitosamente!,تم إرسال الإخطار بنجاح!
Push notification configuration updated successfully!,Push notification configuration updated successfully!,¡La configuración de notificaciones push se actualizó correctamente!,تم تحديث تكوين إشعار الدفع بنجاح!
Policy Link,Policy Link,Enlace de política,رابط السياسة
Cookie information updated successfully!,Cookie information updated successfully!,¡La información de las cookies se actualizó correctamente!,تم تحديث معلومات ملفات تعريف الارتباط بنجاح!
App Name,App Name,Nombre de la aplicación,اسم التطبيق
App Environment,App Environment,Entorno de aplicación,بيئة التطبيق
App Debug,App Debug,Depuración de aplicaciones,تصحيح أخطاء التطبيق
App Mode,App Mode,Modo de aplicación,وضع التطبيق
Database Connection,Database Connection,Conexión de base de datos,اتصال قاعدة البيانات
Database Host,Database Host,Host de base de datos,مضيف قاعدة البيانات
Database Port,Database Port,Puerto de base de datos,منفذ قاعدة البيانات
Database Name,Database Name,Nombre de la base de datos,اسم قاعدة البيانات
Database Username,Database Username,Nombre de usuario de la base de datos,اسم مستخدم قاعدة البيانات
PHP Version,PHP Version,Versión PHP,نسخة PHP
Laravel Version,Laravel Version,Versión Laravel,نسخة لارافيل
Server Software,Server Software,Software de servidor,برامج الخادم
Server IP Address,Server IP Address,Dirección IP del servidor,عنوان IP للخادم
Server Protocol,Server Protocol,Protocolo de servidor,بروتوكول الخادم
Version,Version,Versión,إصدار
"Cache Clear Successfully!","Cache Clear Successfully!","¡Borrar caché correctamente!","تم مسح ذاكرة التخزين المؤقت بنجاح!"
"Language switch successfully!","Language switch successfully!","¡Cambio de idioma exitoso!","تبديل اللغة بنجاح!"
No new notification found!,No new notification found!,¡No se encontró ninguna notificación nueva!,لم يتم العثور على إشعار جديد!
Password Change,Password Change,Cambio de contraseña,تغيير كلمة السر
Language,Language,Idioma,لغة
English,English,Inglés,إنجليزي
Dark Mode,Dark Mode,Modo oscuro,الوضع المظلم
Light Mode,Light Mode,Modo de luz,وضع الضوء
RTL Support,RTL Support,Soporte RTL,دعم RTL
Categories,Categories,Categorías,فئات
Recent Posts,Recent Posts,Mensajes recientes,المشاركات الاخيرة
Category,Category,Categoría,فئة
Select Language,Select Language,Seleccione el idioma,اختار اللغة
"Language File (.xlsx, .csv)","Language File (.xlsx, .csv)","Archivo de idioma (.xlsx, .csv)",ملف اللغة (.xlsx، .csv)
Mail From Address,Mail From Address,Correo desde la dirección,البريد من العنوان
Min Sidebar Color,Min Sidebar Color,Color mínimo de la barra lateral,الحد الأدنى للون الشريط الجانبي
Sidebar Color,Sidebar Color,Color de la barra lateral,لون الشريط الجانبي
Topbar Color,Topbar Color,Color de la barra superior,لون الشريط العلوي
Layout Mode,Layout Mode,Modo de diseño,وضع التخطيط
Total Buy Crypto Transactions,Total Buy Crypto Transactions,Transacciones totales de compra de criptomonedas,إجمالي معاملات شراء العملات المشفرة
Convert Amount,Convert Amount,Convertir cantidad,تحويل المبلغ
You cannot exchange crypto using the same wallet,You cannot exchange crypto using the same wallet,No puedes intercambiar criptomonedas usando la misma billetera,لا يمكنك تبادل العملات المشفرة باستخدام نفس المحفظة
Basic Settings Data Fetch Successfully.,Basic Settings Data Fetch Successfully.,Recuperación de datos de configuración básica exitosa.,تم جلب بيانات الإعدادات الأساسية بنجاح.
Language data fetch successfully!,Language data fetch successfully!,¡Los datos de idioma se obtuvieron correctamente!,تم جلب بيانات اللغة بنجاح!
Notification Data Fetch Successfuly.,Notification Data Fetch Successfuly.,Los datos de notificación se recuperaron correctamente.,تم جلب بيانات الإشعارات بنجاح.
Country List Fetch Successfully!,Country List Fetch Successfully!,¡Obtención exitosa de la lista de países!,تم جلب قائمة الدول بنجاح!
Active Ticket,Active Ticket,Boleto Activo,تذكرة نشطة
Solved Ticket,Solved Ticket,Boleto resuelto,تذكرة محلولة
Pending Ticket,Pending Ticket,Boleto pendiente,تذكرة معلقة
All Ticket,All Ticket,Todos los boletos,جميع التذاكر
Outside Address already exists in selected currency and network!,Outside Address already exists in selected currency and network!,¡La dirección externa ya existe en la moneda y red seleccionadas!,العنوان الخارجي موجود بالفعل بالعملة والشبكة المحددة!
Outside Public Address already exists!,Outside Public Address already exists!,¡La megafonía exterior ya existe!,العنوان العام الخارجي موجود بالفعل!
Min Amount,Min Amount,Cantidad mínima,الحد الأدنى للمبلغ
Max Amount,Max Amount,Cantidad máxima,المبلغ الأقصى
Limit,Limit,Límite,حد
Transactions Overview,Transactions Overview,Resumen de transacciones,نظرة عامة على المعاملات
Available Balance,Available Balance,Saldo disponible,الرصيد المتوفر
Confirm Payment,Confirm Payment,Confirmar pago,تأكيد الدفع
Canceled,Canceled,Cancelado,ألغيت
Reject,Reject,Rechazar,يرفض
Delayed,Delayed,Demorado,تأخير
appLAppName,Adcrypto,Adcripto,Adcrypto
appLAppVersion,1.0.0,1.0.0,1.0.0
appLBuyCrypto,Buy Crypto,Comprar criptomonedas,شراء التشفير
appLSellCrypto,Sell Crypto,Vender criptomonedas,بيع التشفير
appLWithdrawCrypto,Withdraw Crypto,Retirar criptomonedas,سحب التشفير
appLExchangeCrypto,Exchange Crypto,Intercambiar criptomonedas,تبادل التشفير
appLInsideWallet,Inside Wallet,Cartera interior,داخل المحفظة
appLOutsideWallet,Outside Wallet,Cartera exterior,المحفظة الخارجية
appLSelectNetwork,Select Network,Seleccione la red,اختر شبكة
appLSelectCoin,Select Coin,Seleccionar moneda,حدد العملة
appLSelectPaymentMethod,Select Payment Method,Seleccione método de pago,اختار طريقة الدفع
appLPaymentMethod,Payment Method,Método de pago,طريقة الدفع او السداد
appLEnterAmount,Enter Amount,Ingrese el monto,أدخل المبلغ
appLUSDT,USDT,USDT,USDT
appLMinAmount,Min Amount:,Cantidad mínima:,الحد الأدنى للمبلغ:
appLMaxAmount,Max Amount:,Cantidad máxima:,الحد الأقصى للمبلغ:
appLRate,Rate:,Tasa:,معدل:
appLContinueBtn,Continue,Continuar,يكمل
appLCryptoAddress,Crypto Address,Dirección criptográfica,عنوان التشفير
appLEnterOrPasteAddress,Enter Or Paste Address,Ingrese o pegue la dirección,أدخل أو الصق العنوان
appLPreview,Preview,Avance,معاينة
appLEnteredAmount,Entered Amount,Monto ingresado,المبلغ المدخل
appLWalletType,Wallet Type,Tipo de billetera,نوع المحفظة
appLNetwork,Network,Red,شبكة
appLCoin,Coin,Moneda,عملة
appLPaymentGateway,Payment Gateway,Pasarela de pago,بوابة الدفع
appLWalletAddress,Wallet Address,Dirección de billetera,عنوان المحفظة
appLPaymentProofSummary,Payment Proof Summary,Resumen de comprobante de pago,ملخص إثبات الدفع
appLTrx,TRX,TRX,تي آر إكس
appLScreenShot,Screenshot,Captura de pantalla,لقطة شاشة
appLFromCryptoAddress,From Crypto Address,Desde la dirección criptográfica,من عنوان التشفير
appLReceivingMethodSummary,Receiving Method Summary,Resumen del método de recepción,تلقي ملخص الطريقة
appLBankName,Bank Name,Nombre del banco,اسم البنك
appLBankBranch,Bank Branch,Sucursal bancaria,فرع بنك
appLSelectReceivingMethod,Select Receiving Method,Seleccione el método de recepción,حدد طريقة الاستلام
appLReceivingMethod,Receiving Method,Método de recepción,طريقة الاستلام
appLMax,Max,máx.,الأعلى
appLPaymentProof,Payment Proof,Prueba de pago,إثبات الدفع
appLEnterHere,Enter Here,Entre aquí,أدخل هنا
appLReceivingMethodInformation,Receiving Method Information,Recibir información del método,تلقي معلومات الطريقة
appLBankAccNumber,Bank Account Number,Número de cuenta bancaria,رقم الحساب المصرفي
appLBranch,Branch,Rama,فرع
appLWithdrawCryptoExchangeRate,1 USD = 0.00001 USDT,"1 USD = 0,00001 USDT",1 دولار أمريكي = 0.00001 دولار أمريكي
appLLimit,Limit:,Límite:,حد:
appLNetworkCharge,Network Charge:,Cargo de red:,رسوم الشبكة:
appLNetworkFees,Network Fees:,Tarifas de red:,رسوم الشبكة:
appLBuyCryptoNetworkCharge,0.57 USDT,"0,57 USD",0.57 دولار أمريكي
appLNetworkChargeText,Network Charge,Cargo de red,شحن الشبكة
appLExchangeCryptoExchangeRate,1 ETH = 0.00001 BTC,"1 ETH = 0,00001 BTC",1 إيثريوم = 0.00001 بيتكوين
appLExchangeFrom,Exchange From,Intercambiar desde,الصرف من
appLExchangeTo,Exchange To,Intercambiar a,تبادل ل
appLUploadImage,upload Image,cargar imagen,تحميل الصور
appLFromWallet,From Wallet,Desde billetera,من المحفظة
appLToWallet,To Wallet,A la billetera,إلى المحفظة
appLBuyCryptoCongratulationSubtitle,Your crypto has been successfully purchased. Thanks for using AdCrypto.,Su criptomoneda se compró con éxito. Gracias por usar AdCrypto.,لقد تم شراء التشفير الخاص بك بنجاح. شكرا لاستخدام AdCrypto.
appLWithdrawCryptoCongratulationSubtitle,Your crypto has been successfully withdraw. Thanks for using AdCrypto.,Su criptomoneda se ha retirado con éxito. Gracias por usar AdCrypto.,لقد تم سحب التشفير الخاص بك بنجاح. شكرا لاستخدام AdCrypto.
appLExchangeCryptoCongratulationSubtitle,Your crypto has been successfully exchange. Thanks for using AdCrypto.,Su criptomoneda se ha intercambiado exitosamente. Gracias por usar AdCrypto.,لقد تم تبادل التشفير الخاص بك بنجاح. شكرا لاستخدام AdCrypto.
appLPleaseFillOutTheField,Please Fill Out The Field,Por favor complete el campo,يرجى ملء الحقل
appLPleaseAcceptTermsAndConditions,Please Accept Terms And Conditions,Por favor acepte los términos y condiciones,يرجى قبول الشروط والأحكام
appLSignIn,Sign In,Iniciar sesión,تسجيل الدخول
appLSignUp,Sign Up,Inscribirse,اشتراك
appLUserNameOrEmailAddress,Username Or Email Address,Nombre de usuario o dirección de correo electrónico,اسم المستخدم أو البريد الالكتروني
appLPassword,Password,Contraseña,كلمة المرور
appLForgetPassword,Forget Password,Contraseña olvidada,نسيت كلمة المرور
appLGetStarted,Get Started,Empezar,البدء
appLEmailAddress,Email Address,Dirección de correo electrónico,عنوان البريد الإلكتروني
appLEnterTheOTPCodeSendTo,Enter The OTP Code Sent to,Ingrese el código OTP enviado a,أدخل رمز OTP المرسل إليه
appLVerifiedCode,Verified Code,Código verificado,رمز التحقق
appLSubmit,Submit,Entregar,يُقدِّم
appLOTPVerification,OTP Verification,Verificación OTP,التحقق من OTP
appLEmailVerification,Email Verification,verificacion de email,تأكيد بواسطة البريد الالكتروني
appLResend,Resend,Reenviar,إعادة إرسال
appLResendCode,Resend Code,Reenviar codigo,أعد إرسال الرمز
appLNewPassword,New Password,Nueva contraseña,كلمة المرور الجديدة
appLConfirmPassword,Confirm Password,confirmar Contraseña,تأكيد كلمة المرور
appLEnter,Enter,Ingresar,يدخل
appLResetPassword,Reset Password,Restablecer la contraseña,إعادة تعيين كلمة المرور
appLCongratulation,Congratulations,Felicidades,تهانينا
appLCreateAccount,Create Account,Crear una cuenta,إنشاء حساب
appLFirstName,First Name,Nombre de pila,الاسم الأول
appLLastName,Last Name,Apellido,اسم العائلة
appLOkay,Okay,Bueno,تمام
appLTransfer,TRANSFER,TRANSFERIR,تحويل
appLHome,HOME,HOGAR,بيت
appLProfile,PROFILE,PERFIL,حساب تعريفي
appLAddMoney,Add Money,Agregar dinero,إضافة المال
appLMoneyOut,Money Out,Salida de dinero,لم يبقى اي من المال
appLExchange,Exchange,Intercambio,تبادل
appLRequest,Request,Pedido,طلب
appLRecentTransaction,Recent Transaction,Transacción reciente,المعاملة الأخيرة
appLNotification,Notification,Notificación,إشعار
appLMyInvoice,My Invoice,mi factura,فاتورتي
appLMyVoucher,My Voucher,Mi vale,قسيمتي
appLTransactionLog,Transaction Log,Registro de transacciones,سجل المعاملات
appLTwoFASecurity,2FA Security,Seguridad 2FA,2FA الأمن
appLChangePassword,Change Password,Cambiar la contraseña,تغيير كلمة المرور
appLAmount,Amount,Cantidad,كمية
appLPreviewScreen,Preview Screen,Pantalla de vista previa,شاشة المعاينة
appLExchangeRate,Exchange Rate,Tipo de cambio,سعر الصرف
appLBuyCryptoExchangeRate,1.00 USD - 1.000K USDT,1.00 USD - 1.000K USDT,1.00 دولار أمريكي - 1.000 ألف دولار أمريكي
appLTotalFeesAndCharges,Total Fees & Charges,Tarifas y cargos totales,إجمالي الرسوم والمصاريف
appLWillGet,Will Get,Obtendrá,سوف تحصل
appLTotalPayableAmount,Total Payable Amount,Monto total a pagar,إجمالي المبلغ المستحق
appLConfirm,Confirm,Confirmar,يتأكد
appLValidUser,Valid Address for transaction.,Dirección válida para la transacción.,عنوان صالح للمعاملة.
appLInvalidUser,Wallet Address doesnt exists.,La dirección de billetera no existe.,عنوان المحفظة غير موجود.
appLMoneyExchange,Money Exchange,Cambio de dinero,حوالة نقدية
appLFrom,From,De,من
appLTo,To,A,ل
appLRequestMoney,Request Money,Pedir dinero,طلب المال
appLRemarks,Remarks,Observaciones,ملاحظات
appLOptional,Optional,Opcional,خياري
appLShareRequestMoney,Share Request Money,Compartir Solicitar Dinero,مشاركة طلب المال
appLShare,Share,Compartir,يشارك
appLMoneyTransfer,Money Transfer,Transferencia de dinero,تحويل المال
appLAvailableBalance,Available Balance,Saldo disponible,الرصيد المتوفر
appLReceiver,Receiver,Receptor,المتلقي
appLProfileLabel,Profile,Perfil,حساب تعريفي
appLFullName,Full Name,Nombre completo,الاسم الكامل
appLCountry,Country,País,دولة
appLMobileNumber,Mobile Number,Número de teléfono móvil,رقم الهاتف المحمول
appLState,State,Estado,ولاية
appLCity,City,Ciudad,مدينة
appLZipCode,Zip Code,Código postal,الرمز البريدي
appLAddress,Address,DIRECCIÓN,عنوان
appLUpdate,Update,Actualizar,تحديث
appLPaid,Paid,Pagado,مدفوع
appLSent,Sent,Enviado,مرسل
appLUnPaid,UnPaid,No pagado,غير مدفوعة الأجر
appLInvoiceNumber,Invoice Number,Número de factura,رقم الفاتورة
appLInvoiceDate,Invoice Date,Fecha de la factura,تاريخ الفاتورة
appLCurrency,Currency,Divisa,عملة
appLPickGoods,Pick Goods,Escoger productos,اختر البضائع
appLTrickGoods,Trick Goods,Productos de truco,السلع خدعة
appLTotalBill,Total Bill,Cuenta total,إجمالي الفاتورة
appLCreateInvoice,Create Invoice,Crear factura,إنشاء فاتورة
appLInvoiceTo,Invoice To,facturar a,فاتورة إلى
appLBillingAddress,Billing Address,Dirección de Envio,عنوان وصول الفواتير
appLNotes,Notes,Notas,ملحوظات
appLItemDetails,Item Details,detalles del artículo,تفاصيل العنصر
appLClientName,Client Name,nombre del cliente,اسم العميل
appLAddNew,Add New,Agregar nuevo,اضف جديد
appLItemName,Item Name,Nombre del árticulo,اسم العنصر
appLVoucher,Voucher,Vale,فاتورة
appLRedeem,Redeem,Canjear,يسترد
appLUsed,Used,Usado,مستخدم
appLNotUsed,Not Used,No utilizado,غير مستعمل
appLName,Name,Nombre,اسم
appLEmail,Email,Correo electrónico,بريد إلكتروني
appLPhone,Phone,Teléfono,هاتف
appLFeesAndCharge,Fees & Charge,Tarifas y cargos,الرسوم والتكاليف
appLStatus,Status,Estado,حالة
appLCode,Code,Código,شفرة
appLCreateVoucher,Create Voucher,Crear cupón,إنشاء قسيمة
appLConfirmRedeem,Confirm Redeem,Confirmar canjear,تأكيد الاسترداد
appLRedeemCode,Redeem Code,Canjear código,استرداد الرمز
appLAddMoneyLog,Add Money Log,Agregar registro de dinero,إضافة سجل الأموال
appLMoneyOutLog,Money Out Log,Registro de salida de dinero,سجل خروج الأموال
appLRequestLog,Request Log,Registro de solicitudes,سجل الطلب
appLEnable2faSecurity,Enable 2FA Security,Habilite la seguridad 2FA,تمكين أمان 2FA
appLSendVerificationCode,Send Verification Code,Envíe el código de verificación,إرسال رمز التحقق
appLOldPassword,Old Password,Contraseña anterior,كلمة المرور القديمة
appLIndividual,Individual,Individual,فردي
appLBusiness,Business,Negocio,عمل
appLMiddleName,Middle Name,Segundo nombre,الاسم الأوسط
appLUserName,Username,Nombre de usuario,اسم المستخدم
appLPostalCode,Postal Code,Código Postal,رمز بريدي
appLCompanyName,Company Name,nombre de empresa,اسم الشركة
appLGender,Gender,Género,جنس
appLDateOfBirth,Date of Birth,Fecha de nacimiento,تاريخ الميلاد
appLNationality,Nationality,Nacionalidad,جنسية
appLMyReceipt,My Receipt,Mi recibo,إيصالي
appLTotalExchangedAmount,Total Exchanged Amount,Monto total intercambiado,إجمالي المبلغ المتبادل
appLConvertedAmount,Converted Amount,Monto convertido,المبلغ المحول
appLRequestedAmount,Requested Amount,Monto requerido,الكمية المطلوبة
appLEnterOldPassword,Enter Old Password,Ingrese la contraseña anterior,أدخل كلمة المرور القديمة
appLOnboardTitleOne,Make Your,Haz tu,اصنع لك
appLOnboardTitleTwo,Crypto,Cripto,تشفير
appLOnboardTitleThree,Transaction,Transacción,عملية
appLOnboardSubTitle,Buy and Sales 100+ Cryptocurrencies with 20+ flat currencies market using bank transfers or your credit/debit card in your exchange type bitcoin established token area.,Compre y venda más de 100 criptomonedas con más de 20 mercados de monedas planas mediante transferencias bancarias o su tarjeta de crédito/débito en su área de token establecida con bitcoin de tipo de cambio.,قم بشراء وبيع أكثر من 100 عملة مشفرة مع أكثر من 20 سوق عملات ثابتة باستخدام التحويلات المصرفية أو بطاقة الائتمان/الخصم الخاصة بك في منطقة الرمز المميز الخاصة بالبيتكوين.
appLSwipeToGetStarted,Swipe to Get Started,Desliza para comenzar,اسحب للبدء
appLSignInSubtitle,Please input your email and password and Sign In to your account to get access to your dashboard.,Ingrese su correo electrónico y contraseña e inicie sesión en su cuenta para obtener acceso a su panel de control.,يرجى إدخال البريد الإلكتروني وكلمة المرور وتسجيل الدخول إلى حسابك لتتمكن من الوصول إلى لوحة التحكم الخاصة بك.
appLEnterEmailAddress,Enter Email Address,Introducir la dirección de correo electrónico,أدخل عنوان البريد الالكتروني
appLEnterPassword,Enter Password,Introducir la contraseña,أدخل كلمة المرور
appLForgotPassword,Forgot Password?,¿Has olvidado tu contraseña?,هل نسيت كلمة السر؟
appLEnterYourEmailToResetPassword,Please enter your registered email address for reset your password.,Ingrese su dirección de correo electrónico registrada para restablecer su contraseña.,الرجاء إدخال عنوان بريدك الإلكتروني المسجل لإعادة تعيين كلمة المرور الخاصة بك.
appLForgotPasswordSecondary,Forgot Password,Has olvidado tu contraseña,هل نسيت كلمة السر
appLDoNotHaveAnAccount,Don’t have an account?,¿No tienes una cuenta?,ليس لديك حساب؟
appLEnterVerificationCodeTextOne,Enter the otp verification code. Which one did we send to,Ingrese el código de verificación otp. ¿A cuál le enviamos?,أدخل رمز التحقق OTP. إلى أي جهة أرسلنا؟
appLEnterVerificationCodeTextTwo,to reset your account.,para restablecer su cuenta.,لإعادة ضبط حسابك.
appLDidNotGetCode,Did not get any OTP code?,¿No recibiste ningún código OTP?,لم تحصل على أي رمز OTP؟
appLEnterNewPassword,Enter New Password,Ingrese nueva clave,أدخل كلمة المرور الجديدة
appLEnterConfirmPassword,Enter Confirm Password,Ingrese Confirmar Contraseña,أدخل تأكيد كلمة المرور
appLResetPasswordCongratulationSubtitle,Your password has been reset successfully. Sign In again now.,Su contraseña se ha restablecido correctamente. Inicie sesión nuevamente ahora.,تم إعادة تعيين كلمة المرور الخاصة بك بنجاح. قم بتسجيل الدخول مرة أخرى الآن.
appLSignInNow,Sign In Now,Regístrate,قم بتسجيل دخولك الآن
appLGoToHome,Go To Home,Ir a casa,اذهب إلى المنزل
appLBackToHome,Back To Home,De vuelta a casa,العودة إلى المنزل
appLSignUpSubtitle,Please input your details and register to your account to get access to your dashboard.,Ingrese sus datos y regístrese en su cuenta para obtener acceso a su panel de control.,يرجى إدخال التفاصيل الخاصة بك والتسجيل في حسابك للوصول إلى لوحة التحكم الخاصة بك.
appLEnterFirstName,Enter First Name,Introduzca el nombre,أدخل الاسم الأول
appLEnterLastName,Enter Last name,Introduzca el apellido,إدخال اسم آخر
appLIHaveAgreedWith,I have agreed with,he estado de acuerdo con,لقد اتفقت مع
appLTermsOfUse,Terms Of Use & Privacy Policy,Términos de uso y política de privacidad,شروط الاستخدام وسياسة الخصوصية
appLAlreadyHaveAnAccount,Already have an account?,¿Ya tienes una cuenta?,هل لديك حساب؟
appLEnterSignUpVerificationCodeTextTwo,to verified your account.,para verificar su cuenta.,للتحقق من حسابك.
appLSignUpCongratulationSubtitle,Your account has been verified successfully. Thanks for using AdCrypto.,Su cuenta ha sido verificada exitosamente. Gracias por usar AdCrypto.,لقد تم التحقق من حسابك بنجاح. شكرا لاستخدام AdCrypto.
appLUpdateProfile,Update Profile,Actualización del perfil,تحديث الملف
appLPhoneNumber,Phone Number,Número de teléfono,رقم التليفون
appLEnterCity,Enter City,Ingrese la ciudad,أدخل المدينة
appLEnterState,Enter State,Ingresar estado,إدخال الدولة
appLEnterAddress,Enter Address,Ingresa la direccion,أدخل العنوان
appLEnterZipCode,Enter ZipCode,Ingresa tu código postal,أدخل الرمز البريدي
appLBuyLog,Buy Log,Comprar registro,شراء السجل
appLSellLog,Sell Log,Vender registro,سجل البيع
appLWithdrawLog,Withdraw Log,Retirar registro,سجل السحب
appLExchangeLog,Exchange Log,Registro de intercambio,سجل التبادل
appLSettings,Settings,Ajustes,إعدادات
appLHelpCenter,Help Center,Centro de ayuda,مركز المساعدة
appLPrivacyAndPolicy,Privacy & Policy,Política de privacidad,سياسة الخصوصية
appLAboutUs,About Us,Sobre nosotros,معلومات عنا
appLSignOut,Sign Out,Desconectar,خروج
appLSignOutMessage,Do You Want To Sign Out From Your Account?,¿Quiere cerrar sesión en su cuenta?,هل تريد تسجيل الخروج من حسابك؟
appLBuy,Buy,Comprar,يشتري
appLSell,Sell,Vender,يبيع
appLWithdraw,Withdraw,Retirar,ينسحب
appLChangeLanguage,Change Language,Cambiar idioma,تغيير اللغة
appLDeleteAccount,Delete Account,Borrar cuenta,حذف الحساب
appLDeleteAccountMessage,Do You Want To Delete Account?,¿Quieres eliminar la cuenta?,هل تريد حذف الحساب؟
appLCancel,Cancel,Cancelar,يلغي
appLReject,Reject,Rechazar,يرفض
appLDelete,Delete,Borrar,يمسح
appLEnableTwoFASecurity,Enable 2FA Security,Habilite la seguridad 2FA,تمكين أمان 2FA
appLEnableTwoFASecuritySubtitle,We’ll ask for a verification code via your security method if we notice a sign in from an unrecognized device or browser. Enable your 2FA Security,Le solicitaremos un código de verificación a través de su método de seguridad si detectamos un inicio de sesión desde un dispositivo o navegador no reconocido. Habilite su seguridad 2FA,سنطلب رمز التحقق عبر طريقة الأمان الخاصة بك إذا لاحظنا تسجيل الدخول من جهاز أو متصفح غير معروف. قم بتمكين أمان 2FA الخاص بك
appLEnable,Enable,Permitir,يُمكَِن
appLTransactionType,Transaction Type,tipo de transacción,نوع المعاملة
appLSelectIDType,Select ID Type,Seleccione el tipo de identificación,حدد نوع الهوية
appLUpload,Upload,Subir,رفع
appLVerified,Verified,Verificado,تم التحقق
appLPending,Pending,Pendiente,قيد الانتظار
appLKycForm,KYC Form,Formulario KYC,نموذج اعرف عميلك (KYC).
appLViewAll,View All,Ver todo,عرض الكل
appLAllWallet,All Wallet,Toda la billetera,جميع المحفظة
appLAvailableNetwork,Available Network,Red disponible,الشبكة المتاحة
appLDisable,Disable,Desactivar,إبطال
appLNoDataFound,No transactions found. Keep monitoring wisely,No se encontraron transacciones. Siga monitoreando sabiamente,لم يتم العثور على أي معاملات. استمر في المراقبة بحكمة
top,top,arriba,قمة
Please verify your KYC information before any transactional action.,Please verify your KYC information before any transactional action.,Verifique su información KYC antes de cualquier acción transaccional.,يرجى التحقق من معلومات KYC الخاصة بك قبل أي إجراء معاملة.
Verify Now.,Verify Now.,Verifica ahora.,تحقق الآن.
appLFromGallery,From Gallery,De la galería,من المعرض
appLFromCamera,From Camera,Desde la cámara,من الكاميرا
appLKycVerification,Kyc Verification,Verificación de Kyc,التحقق من Kyc
appLFromFile,From File,Desde el archivo,من - الملف
All,All,Todo,الجميع
Outside Wallet Payment Receiving Address,Outside Wallet Payment Receiving Address,Dirección de recepción de pagos de billetera externa,عنوان استلام الدفع الخارجي للمحفظة
Prending Buy Crypto Logs,Prending Buy Crypto Logs,Pretendiendo comprar registros criptográficos,Prending شراء سجلات التشفير
Confirmed,Confirmed,Confirmado,مؤكد
Prending Sell Crypto Logs,Prending Sell Crypto Logs,Pretendiendo vender registros criptográficos,Prending بيع سجلات التشفير
Prending Withdraw Crypto Logs,Prending Withdraw Crypto Logs,Pretendiendo retirar registros criptográficos,Preding سحب سجلات التشفير
"Prending Exchange Crypto Logs","Prending Exchange Crypto Logs","Prender registros criptográficos de Exchange","Prending سجلات تشفير التبادل"
User Details,User Details,Detalles de usuario,بيانات المستخدم
Email Unverified Users,Email Unverified Users,Enviar correo electrónico a usuarios no verificados,إرسال بريد إلكتروني للمستخدمين الذين لم يتم التحقق منهم
KYC Unverified Users,KYC Unverified Users,Usuarios no verificados de KYC,KYC المستخدمين الذين لم يتم التحقق منهم
Details,Details,Detalles,تفاصيل
Admin Roles,Admin Roles,Funciones de administrador,أدوار المشرف
Permission Group,Permission Group,Grupo de permisos,مجموعة الأذونات
Web Version,Web Version,Versión Web,نسخة الويب
Seconds,Seconds,Segundos,ثواني
Encryption,Encryption,Cifrado,التشفير
Reply,Reply,Responder,رد
Created At,Created At,Creado en,أنشئت في
Server Information,Server Information,información del servidor,معلومات الخادم
Pending Tickets,Pending Tickets,Entradas pendientes,التذاكر المعلقة
Solved Tickets,Solved Tickets,Entradas resueltas,تذاكر محلولة
All Tickets,All Tickets,Todas las entradas,جميع التذاكر
View All,View All,Ver todo,عرض الكل
Support Chat,Support Chat,Chat de soporte,دعم الدردشة
Mark as Solved,Mark as Solved,Marcar como resuelto,"وضع علامة ""محلول""."
Are you sure to mark as solved (Token:,Are you sure to mark as solved (Token:,¿Estás seguro de marcar como resuelto (Token:,"هل أنت متأكد من وضع علامة ""تم الحل"" (الرمز المميز:"
Because it's not reversible.,Because it's not reversible.,Porque no es reversible.,لأنه لا يمكن عكسه.
Support,Support,Apoyo,يدعم
Fullscreen,Fullscreen,Pantalla completa,تكبير الشاشة
Already Have An Account?,Already Have An Account?,¿Ya tienes una cuenta?,هل لديك حساب؟
Valid Address for transaction.,Valid Address for transaction.,Dirección válida para la transacción.,عنوان صالح للمعاملة.
Proof Of Identity,Proof Of Identity,Prueba de identidad,إثبات الهوية
Successfully Added.,Successfully Added.,Agregado exitosamente.,أضيف بنجاح.
Wallet,Wallet,Billetera,محفظة